raceno,racetitle,raceurl,race_metadata,url1,url2,url3,url4,url5,new_t3,time1,time2,time3,time4,time5,name1,name2,name3,name4,name5,top50_time,totalPlayer,raceStart,new_t50,map
1,First!,,,Jajajosh,ISAB,FriarTruck,NOMADIA,ddkkoomm,0,90084,94467,96301,97201,97217,Jajajosh,ISAB,FriarTruck,NOMADIA,ddkkoomm,115801,0,1544601600000,0,TownCenter
2,Primary Qualifiers,,,notinth,ISAB,SJB,TheDarkLink,Mat,0,146834,146884,151201,151484,157617,notinth,ISAB,SJB,SnowyOwl <3,Matthew Lim,193351,0,1545292800000,0,MonkeyMeadow
3,"Red, White, and Green",,,SupremeAvocado,ISAB,66,notinth,Pie,0,110751,115167,116134,117084,121701,SupremeAvocado,ISAB,66,notinth,I hate races,144984,0,1545638400000,0,AlpineRun
4,Hardy Racers,,,SupremeAvocado,ISAB,Tobi,TheDarkLink,frds,0,169001,179584,180334,183334,186501,SupremeAvocado,ISAB,TobiBloon439,SnowyOwl <3,frds,223734,0,1545984000000,0,Streambed
5,Happy New Years,,,ISAB,Loaf,SupremeAvocado,Pie,ZX Cai,0,65250,68633,69533,70100,71533,ISAB,Loaf,SupremeAvocado,I hate races,ZX Cai,84450,0,1546329600000,0,TreeStump
6,Military Qualifiers,,,Polaritz,SupremeAvocado,Bradygilg,notinth,FX420blazeit,0,274401,274501,298751,305484,315884,Polaritz,SupremeAvocado,Bradygilg,notinth,14 char. limit,420017,0,1546588800000,0,Cracked
7,Sharp Turns,,,Corncan,SupremeAvocado,Seclate,Kinsboy,WestNileVirus,0,172617,177534,181267,185217,185917,Corncan,SupremeAvocado,YT Seclate,Kinsboy,WestNileVirus,234817,0,1547193600000,0,InTheLoop
8,A Good Alternative,,,Corncan,Seclate,SupremeAvocado,Kinsboy,Pie,0,127517,128501,130184,132084,136750,Corncan,YT- NK:Seclate,SupremeAvocado,Kinsboy,I hate races,158451,0,1547798400000,0,MonkeyMeadow
9,Po-Tay-Toes!,,,Kinsboy,SupremeAvocado,ZX Cai,GreatGumbyGamer,Crimey,0,106184,110134,114317,115567,117384,Kinsboy,SupremeAvocado,dark empirer,ZX Cai,GreatGumbyGamer,129651,0,1548403200000,0,Logs
10,Burnin Rubber,,,SupremeAvocado,Tobi,Kinsboy,Orangutan,VIII,0,340117,342051,351867,361484,390367,SupremeAvocado,TobiBloon439,Kinsboy,Orangutan,VIII,518317,0,1549612800000,0,KartsNDarts
11,Let It Go,,,SupremeAvocado,Crimey,Kinsboy,frds,Wind,0,176350,177116,178767,181616,189367,SupremeAvocado,Crimenerd,Kinsboy,frds,Wind,0,0,1550217600000,0,FrozenOver
12,Monkeying around on the Moon,,,SupremeAvocado,Seclate,Wind,DTEO,Polaritz,0,68684,69434,69784,70934,74667,SupremeAvocado,NK_Seclate,Wind,DTEO,Polaritz,96167,0,1550822400000,0,MoonLanding
13,An Easy CHIMPS Race,,,SupremeAvocado,Scisson RB,TheInflammable,Tobi,Secretary,0,145833,152316,153033,164467,165683,SupremeAvocado,ScissionRB,TheInFlammable,TobiBloon439,Chalupa,0,0,1551427200000,0,FourCircles
14,Do You Need a Hug?,,,TheInflammable,Tobi,Jpcv24,Crimey,MaherSMG,0,322834,378601,413167,428051,438101,TheInflammable,TobiBloon439,Jpcv24,Crimey,MaherSMG,723701,0,1552032000000,0,PatsPond
15,Last Cent ~By SupremeAvocado,,,SupremeAvocado,Kinsboy,Crimey,TarnNK,Wind,0,142483,144616,153700,158067,160750,SupremeAvocado,Kinsboy,Crimey,TarnNK,Wind,0,0,1552636800000,0,HighFinance
16,Boom Boom Pow,,,Kinsboy,TheInflammable,Crimey,Tobi,Wind,0,140851,149784,149867,151651,154117,Kinsboy,TheInflammable,Crimey,TobiBloon439,Wind,182167,0,1553241600000,0,EndOfTheRoad
17,Deflation?,,,SupremeAvocado,Gift,frds,Tobi,FenixKillah,0,87117,89134,89501,90251,96234,SupremeAvocado,Blast,frds,TobiBloon439,FenixKillah,138334,0,1553846400000,0,Cubism
18,Camo Trap,,,SupremeAvocado,Tobi,FenixKillah,Wind,Gift,0,131617,132301,136351,141134,142017,SupremeAvocado,TobiBloon439,FenixKillah,Wind,Blast,165251,0,1554451200000,0,FourCircles
19,Forward Thinking,,,Crimey,Wind,Tobi,Pie,Fighter,0,102567,103351,103651,109267,110867,Crimey,Wind,TobiBloon439,MRPietrek,Fighter,136867,0,1555660800000,0,Downstream
20,Haunted Speed,,,Gift,Lolxd,FenixKillah,Wind,GameDuo,0,114783,116183,116233,117050,118416,Blast,Lolxd,FenixKillah,Wind,Wind=12YearKid,0,0,1556265600000,0,Haunted
21,Bringing Around Destruction,,,Ultimate Scrub,Gameduo,Ninja B,dUEave,SupremeAvocado,0,90051,90067,90084,90101,90184,Ultimate Scrub,Lolxd,Ninja B,dUEave,SupremeAvocado,92517,0,1556870400000,0,InTheLoop
22,Back to the Basics,,,dUEave,FenixKillah,Tobi,Wind,Secretary,0,135317,136151,138717,139284,150634,dUEave,FenixKillah,TobiBloon439,Wind,Basho Chalupa,183584,0,1557475200000,0,TownCenter
23,Sink Or Swim,,,Gift,FenixKillah,Crimey,Tobi,Wind,0,73134,74884,74884,76084,82784,Blast,FenixKillah,Crimey,TobiBloon439,Wind,97767,0,1558080000000,0,SpiceIslands
24,One Foot in Quicksand,,,Ninja B,Bradygilg,FenixKillah,Wind,Tobi,0,110101,111251,111901,113084,119334,Ninja B,Bradygilg,Autoclick=BAN!,Wind,TobiBloon439,185317,0,1558684800000,0,MuddyPuddles
25,What Are Those Jugga Things Called,,,Kinsboy,FenixKillah,Liike,Nothing,dUEave,0,119751,123401,123717,124251,125284,Kinsboy,FenixKillah,LiikeAKrieger,Litnothin,dUEave,156801,0,1559289600000,0,Hedge
26,Give Me That; You Have The Little One,,,Kinsboy,FenixKillah,GameDuo,Shwax,Ninja B,0,144017,144134,145651,149567,150084,whosthepokemon,FenixKillah,KidsNeverWin,Shwax,Blast,230201,0,1559894400000,0,Cracked
27,Anniversary Weekend (X2 Rewards),,,Kinsboy,FenixKillah,Tobi,Ninja B,dUEave,0,105167,105883,106050,108283,109000,Kinsboy,FenixKillah,TobiBloon439,NinjaB,Dueave,0,0,1560499200000,0,Cubism
28,This is One For the History Books,,,FenixKillah,Kinsboy,GameDuo,Ninja B,Tobi,0,110467,111184,112084,112751,115234,FenixKillah,SweetTricks Yo,GameDuo,Ninja B,TobiBloon439,135017,0,1561104000000,0,FourCircles
29,Who's That Pokemon?,,,Kinsboy,FenixKillah,GameDuo,Tobi,Ninja B,0,90167,90801,90934,92617,93451,SweetTricks Yo,FenixKillah,GameDuo,TobiBloon439,Ninja B,119667,0,1561708800000,0,TreeStump
30,New Tricks Old Track,,,Ninja B,Tobi,FenixKillah,MobileMaster,PBStormForce,0,164917,176684,179301,180351,183684,Ninja B,TobiBloon439,FenixKillah,MobileMaster,LiikeAKrieger,216101,0,1562313600000,0,ParkPath
31,It's A Boat,,,FenixKillah,Kinsboy,Liike,GameDuo,Seclate,0,120650,122816,123983,124900,133450,FenixKillah,ItIsABoat,LiikeAKrieger,GameDuo,NK_Seclate,0,0,1562918400000,0,InTheLoop
32,Cowabombga,,,Kinsboy,FenixKillah,Tobi,Seclate,Shwax,0,159000,163783,166067,167400,167516,Cowabombga,FenixKillah,TobiBloon439,NK_Seclate,Shwax,0,0,1563523200000,0,FiringRange
33,Sweet Tricks Yo,,,Kinsboy,FenixKillah,Tobi,Liike,Shwax,0,109951,112301,116267,128784,133301,StopGwenRace,FenixGwen=Cool,NoMoreGwenRace,LiikeAKrieger,NoMoreGwenRace,153401,0,1564128000000,0,Streambed
34,Prepare For Trouble! Make It Double,,,Kinsboy,bearliu,FenixKillah,Ninja B,UltimateScrub,0,131267,133501,133634,133684,140867,Kinsboy,bearliu,FenixKillah,Ninja B,Ultimate Scrub,222667,0,1564732800000,0,MonkeyMeadow
35,Broom Broom,,,Tobi,Shwax,FenixKillah,Crimey,Seclate,0,101051,101067,104267,104501,106601,TobiBloon439,Shwax,FenixKillah,Crimey,NK_Seclate,114251,0,1565337600000,0,KartsNDarts
36,A-maize-ing,,,Shwax,Kinsboy,FenixKillah,Tobi,TSP,0,145016,145483,147516,153767,159050,ReworkRewards,BroomBroom,Reward_Profile,PlsBuffRewards,RaceRwdsRacist,0,0,1565942400000,0,Cornfield
37,Squad Goals,,,Kinsboy,FenixKillah,Crimey,Shwax,Tobi,0,146134,147534,150951,153417,159267,Kinsboy,FenixKillah,Crimey,Shwax,TobiBloon439,186434,0,1566547200000,0,Downstream
38,Whoosh,,,Kinsboy,FenixKillah,Tobi,Liike,Shwax,0,108716,112367,112867,116016,117150,Kinsboy,FenixKillah,TobiBloon439,Liike,Shwax,0,0,1567152000000,0,Chutes
39,"They See Me Stalling, They Hating",,,Kinsboy,Shwax,FenixKillah,Ryu,exephur,0,114751,115201,115234,117584,120551,Kinsboy,Shwax,FenixKillah,NO NAME,exephur,136617,0,1567756800000,0,AlpineRun
40,There Can Only Be One ~By Crimey,,,FenixKillah,Tobi,Kinsboy,Crimey,Shwax,0,209267,209584,211984,213384,221184,FenixKillah,TobiBloon439,Kinsboy,Crimey,Shwax,251234,0,1568361600000,0,Logs
41,In The Wall,,,Tobi,tehspeleengpolise,Kinsboy,Liike,Shwax,0,124300,124767,125116,127683,129216,TobiBloon439,TSP,Kinsboy,Liike,Shwax,0,0,1568966400000,0,AnotherBrick
42,Free The Monkey!,,,Kinsboy,FenixKillah,Shwax,tehspeleengpolise,exephur,0,146851,148484,148801,155434,156384,NoSniping,Fenix = A,IsabOKRacer,tsp,exephur,279751,0,1569571200000,0,FrozenOver
43,Choose Your Champion,,,FenixKillah,Kinsboy,Shwax,tehspeleengpolise,Tobi,0,135934,136784,137584,139184,139751,FenixKillah,Kinsboy,Shwax,tsp,TobiBloon439,165534,0,1570176000000,0,EndOfTheRoad
44,Batten Down The Hatches,,,tehspeleengpolise,Tobi,FenixKillah,Kinsboy,exephur,0,117051,119051,120701,129967,131101,TSP,TobiBloon439,Fenix = R,exephur,Skibimi,161701,0,1570780800000,0,SpiceIslands
45,All in Together,,,exephur,FenixKillah,skibimi,Tobi,tehspeleengpolise,0,126467,128467,130001,130417,130717,exephur,Fenix =,Skibimi,TobiBloon439,tsp,169701,0,1571385600000,0,SpringSpring
46,Slow It Down,,,Liike,FenixKillah,Crimey,TylerdexDeluxe,Tobi,0,188767,190384,193384,197284,197984,Liike,Fenix = N,Crimey,DartElite0051,TobiBloon439,225334,0,1571990400000,0,Logs
47,Very Very Frightening,,,exephur,Shwax,FenixKillah,skibimi,Tobi,0,124284,125967,126834,128017,128101,exephur,Shwax,Fenix =,Skibimi,TobiBloon439,142751,0,1572595200000,0,Carved
48,Community Race: B.A.D v2,,,Multiple People,bearliu,KaelMaelstrom,Red94,RandyZ129,0,83233,85967,88916,89100,89233,,Bearliu,KaelMaelstrom,Red949494,RandyZ129,0,0,1573200000000,0,Cubism
49,Hedge Your Bets,,,FenixKillah,Kinsboy,Shwax,tehspeleengpolise,Tobi,0,146350,148467,149416,150167,152716,Fenix=Way,Kinsboy,Shwax,TSP,TobiBloon439,0,0,1573804800000,0,Hedge
50,One For All And All For One,,,tehspeleengpolise,ISAB,Shwax,JoseL1502,Tobi,0,96800,97067,97933,98950,101233,TSP,ISAB,TobiFan4Lyfe,TSPSecretFan,Tobi,0,0,1574409600000,0,TreeStump
51,Some Camo With Your Camo,,,tehspeleengpolise,Red94,FenixKillah,Kinsboy,JoseL1502,0,82850,83300,83300,83333,84416,TSP,Red949494,Fenix=Than,Avocado=Noob,JoseL,0,0,1575014400000,0,TownCenter
52,Ice Age,,,FenixKillah,Seclate,Kinsboy,Tobi,Crimey,0,135084,135967,136117,136701,137101,Fenix = Baby,Seclate,Race Boycott,Tobi,Top10Racer,172567,0,1575619200000,0,FrozenOver
53,Sewer Bloonway,,,Fuan(1),Red94,exephur,JoseL1502,bearliu,0,113667,113783,114516,114650,115216,Fuan,Red949494,exephur,JoseL,Bearliu,0,0,1576224000000,0,Spillway
54,Dangerously Deceiving Towers,,,SupremeAvocado,tehspeleengpolise,Zoute Drop,JoseL1502,Ryu,0,121867,122850,122883,123083,124316,SupremeAvocado,TSP,ZouteDrop,CorruptedJoseL,Ryu,0,0,1576828800000,0,ParkPath
55,Snow Laughing Matter,,,tehspeleengpolise,JoseL1502,FenixKillah,exephur,TylerdexDeluxe,0,133667,134951,136401,137851,140350,tsp,Dishonored,FenixKillah,exephur,DartElite0051,165667,0,1577433600000,0,WinterPark
56,Crossover,,,FenixKillah,Zoute Drop,Ryu,tehspeleengpolise,exephur,0,139000,140133,140133,140850,141500,FenixKillah,ZouteDrop,Ryu,TSP,exephur,0,0,1578038400000,0,AdorasTemple
57,What's The Plan? ~By exephur,,,Kinsboy,SupremeAvocado,Ryu,tehspeleengpolise,FenixKillah,0,134634,136967,138301,139134,140101,Kinsgirl,SupremeAvocado,Isabsuckatrace,tsp,FenixKillah,206567,0,1578643200000,0,Rake
58,Coasting,,,FenixKillah,Kinsboy,Fuan(1),tehspeleengpolise,Red94,0,82033,87233,87367,95000,101000,FenixKillah,Kinsboy,UltimateScrub,TSP,Red94,0,0,1579248000000,0,OffTheCoast
59,One Of A Kind,,,tehspeleengpolise,Shwax,FenixKillah,Tobi,exephur,0,177584,180217,185067,188251,189017,tsp,Shwax,FenixKillah,Tobi,exephur,210317,0,1579852800000,0,InTheLoop
60,Magic Fire,,,tehspeleengpolise,SupremeAvocado,Fuan(1),FenixKillah,ISAB,0,116767,118301,119067,120984,130217,tsp,Shwax,Exephurs Wife,FenixKillah,ISAB,189634,0,1580457600000,0,Infernal
61,Now You See Me ~By Crimey,,,Seclate,tehspeleengpolise,Kinsboy,Fuan(1),Ngik,0,128183,128967,129300,134716,135700,Seclate,TSP,Kinsboy,ExephursWife,Ngik,0,0,1581062400000,0,FourCircles
62,Valentines Special: Be Mine,,,ISAB,tehspeleengpolise,Tobi,Math,Samuel,0,146833,148767,149617,152300,152467,ISAB,TSP,50MMRacePlz,MathWizard,PlsDontSnipeMe,0,0,1581667200000,0,Underground
63,Play It By Ear,,,Red94,Fuan(1),Tobi,Gumball,Shwax,0,106434,107884,115917,119034,119117,GivenUp!,50MMRacePls,Tobi,Gumball632,Shwax,160584,0,1582272000000,0,Cornfield
64,Seas The Day,,,tehspeleengpolise,infinity,TylerdexDeluxe,Tobi,Gummy,0,163283,172950,175150,178450,186150,TSP,49MMRacePls,DartElite0051,Tobi,GummyMittens,0,0,1583481600000,0,OffTheCoast
65,Spintacular,,,Red94,Fuan(2),tehspeleengpolise,Maxi,skibimi,0,80167,80183,80516,84650,96467,GivenUp!,Fuan,TSP,XX-Maxi-XX,DartElite0051,0,0,1584086400000,0,Geared
66,MOAB Busters,,,Red94,Shwax,Tobi,GoldMan,infinity,0,146101,146984,149151,149217,150767,GivenUp!,Shwax,Tobi,Goldman750,infinity,174034,0,1584691200000,0,SpringSpring
67,Home Stay,,,tehspeleengpolise,SupremeAvocado,Red94,exephur,Math,0,120017,128401,129517,133067,135251,tsp,SupremeAvocado,GivenUp!,exephur,Math,222034,0,1585296000000,0,HighFinance
68,Antifreeze,,,skibimi,tehspeleengpolise,Red94,TylerdexDeluxe,Fuan(3),0,122333,124150,124916,125167,126033,skibimi,TSP,GivenUp!,DartElite0051,Toby438,0,0,1585900800000,0,FiringRange
69,Community Race: Slow But Not Okay,,,tehspeleengpolise,exephur,Red94,Fuan(3),Shwax,0,114484,114584,114667,116017,116117,TSP,exephur,GivenUp!,(*_*),Shwax,176617,0,1586505600000,0,Hedge
70,Level Up,,,tehspeleengpolise,Shwax,Tobi,exephur,RedFeather,0,66951,70817,73351,73951,76567,tsp,Shwax,Tobi,ZouteDrop,redfeather,95601,0,1587110400000,0,FourCircles
71,Car Go Beep Beep,,,TylerdexDeluxe,FenixKillah,Tobi,exephur,Shwax,0,101651,102051,104167,106484,107001,DartElite0051,FenixKillah,Tobi,GameDuo,Shwax,132751,0,1587715200000,0,Cargo
72,Backwards Thinking,,,FenixKillah,tehspeleengpolise,Fuan(3),skibimi,TheLastOne,0,87784,89817,94084,94801,97001,FenixKillah,tsp,Real  Skibimi,Skibimi,The Last One,115134,0,1588320000000,0,Peninsula
73,Highest Point,,,tehspeleengpolise,Fuan(3),SupremeAvocado,Gumball,skibimi,0,156184,158951,159984,161134,161984,tsp,ZandyR524,SupremeAvocado,Gumball632,Skibimi,193467,0,1588924800000,0,AdorasTemple
74,Loompa Oompa,,,tehspeleengpolise,skibimi,Tobi,exephur,ISAB,0,136050,136600,149200,149300,156250,TSP,skibimi,Tobi,exephur,ISAB,0,0,1589529600000,0,CandyFalls
75,The A-Stream,,,tehspeleengpolise,Fuan(3),Tobi,Samson,TylerdexDeluxe,0,105283,108033,109633,112083,113000,TSP,ZandyR524,Tobi,MrSamson666,DartElite0051,0,0,1590134400000,0,Downstream
76,Admiral On Duty,,,tehspeleengpolise,Fuan(3),minuscule,ISAB,exephur,0,98267,98384,98884,100384,101284,tsp,Not-Fuan(3),YouFoundMe,ISAB,exephur,113284,0,1590739200000,0,FloodedValley
77,Curbed Cubism ~By tobi,,,Tobi,tehspeleengpolise,Gumball,Fuan(3),Derubberizer,0,139401,139517,141984,148534,148934,Tobi,tsp,Gumball632,Seclate,Derubberizer,168967,0,1591344000000,0,Cubism
78,Reverse'N,,,tehspeleengpolise,ISAB,Fuan(3),TylerdexDeluxe,Tobi,0,173951,177151,178251,182351,182651,tsp,ISAB,WhoIsFuan,DartElite0051,Tobi,206284,0,1591948800000,0,KartsNDarts
79,Three Stump,,,tehspeleengpolise,FenixKillah,Tudor,skibimi,Fuan(3),0,94001,95184,96384,97234,98434,tsp,FenixKillah-YT,BritneySpears,Skibimi,CoolBeans,108417,0,1592553600000,0,TreeStump
80,Crackell,,,Shwax,tehspeleengpolise,minuscule,Fuan(3),Gumball,0,100951,102317,104001,105867,110384,Shwax,tsp,You Found Me,Cheesecake,Gumball632,135834,0,1593158400000,0,Cracked
81,Subcity,,,tehspeleengpolise,FenixKillah,Tudor,RIZE,Shwax,0,111384,111551,112267,112867,113667,NoWoFRace,FenixKillah-YT,.,RIZE,Shwax,135484,0,1593763200000,0,HighFinance
82,Hocus Lotus,,,tehspeleengpolise,Shwax,Fuan(3),skibimi,exephur,0,156834,156917,160834,161801,162001,tsp,Shwax,Weeb,Skibimi,exephur,174816,0,1594368000000,0,LotusIsland
83,How,,,Fuan(3),tehspeleengpolise,exephur,skibimi,Shwax,0,89267,89884,90734,93467,94601,Stupid,tsp,exephur,skibimi,Shwax,103667,0,1594972800000,0,Bazaar
84,Pumpkin Pat,,,Fuan(3),tehspeleengpolise,exephur,RIZE,Tudor,0,125834,130217,133834,135384,135884,Not-Fuan(3),StopWoFRace,exephur,RIZE,bruh,147016,0,1595577600000,0,Carved
85,Dark Dark Goose,,,exephur,tehspeleengpolise,Shwax,Red94,skibimi,0,81917,84667,85184,87284,88001,exephur,StopWoFRace,VamosALaPlaya,GivenUp!,yeet,100916,0,1596182400000,0,DarkCastle
86,Activated,,,exephur,Tudor,Red94,tehspeleengpolise,RIZE,0,141867,142134,142151,142217,144001,exephur,bruh,GivenUp!,tsp,RIZE,154083,0,1596787200000,0,Haunted
87,Chuten't Have,,,Shwax,exephur,skibimi,tehspeleengpolise,Fuan(3),0,115567,117151,117851,117917,118051,Shwax,exephur,Skillbimi,tsp,Stop,132916,0,1597392000000,0,Chutes
88,Abnormal Primary ~By Crimey,,,tehspeleengpolise,minuscule,ISAB,Crimey,Tudor,0,130267,130284,131067,132634,136417,tsp,Rhythm,ISAB,Crimey,Dont Sleep,142233,0,1597996800000,0,EndOfTheRoad
89,Barrel Of Monkeys,,,tehspeleengpolise,Tudor,skibimi,Fuan(3),minuscule,0,109984,110784,111384,111967,112001,tsp,Mooo,Skibimi,PLEASE!,Minus,117550,0,1598601600000,0,Spillway
90,Water We Have Here,,,tehspeleengpolise,minuscule,infinity,Tudor,RIZE,0,124217,126267,128734,129517,129667,tsp,Minus,ok,tudor,BTD7IDECI2020,151916,0,1599206400000,0,SpiceIslands
91,The Flight Of The Pigeon,,,tehspeleengpolise,Tudor,exephur,Kama,skibimi,0,130384,130867,130901,132584,133467,tsp,Promises,exephur,killerkama,Skibimi,138067,0,1599811200000,0,AnotherBrick
92,Galaxy One,,,Multiple People,minuscule,skibimi,Red94,exephur,0,104217,104384,105834,105934,106551,Multiple People,Minus,Skibimi,GivenUp!,exephur,111383,0,1600416000000,0,MoonLanding
93,Little Town Strong MOABs ~By Colt-YT,,,minuscule,Tudor,tehspeleengpolise,Noob,Tobi,0,96184,96267,96451,96667,96967,Minus,Noob List :,tsp,NoobSimulator,Tobi,102250,0,1601020800000,0,TownCenter
94,Golden Ticket,,,Tudor,tehspeleengpolise,Red94,RIZE,Arbel(1),0,109984,113767,114501,115567,116251,CashOut Ace,tsp,GivenUp!,3FARMSTART,ArbelDaMonkey,121700,0,1601625600000,0,CandyFalls
95,Somebody I Used To Know,,,infinity,Tudor,tehspeleengpolise,minuscule,Chocbox,0,114634,116117,117917,120001,120484,infinity,tudor,tsp,Minus,Chocbox,131816,0,1602230400000,0,Cubism
96,Decoded,,,Tudor,exephur,tehspeleengpolise,RIZE,Red94,0,123667,124301,125051,125334,126434,tudor,Spook,tsp,RIZE,GivenUp!,135100,0,1602835200000,0,Encrypted
97,Spook,,,Tudor,minuscule,tehspeleengpolise,Gdzachlol,Arbel(2),0,97267,99834,102184,102884,103501,StopWoFRace,Minus,tsp,GdZachLol,TUDORSBABOON,114267,0,1603440000000,0,Haunted
98,A-Wigglin' And A-Wobblin',,,Tudor,RIZE,exephur,tehspeleengpolise,minuscule,0,73384,74551,76601,76634,82617,MissNegativity,ELECTIONHOAX,exephur,tsp,Minus,94100,0,1604044800000,0,BloodyPuddles
99,Error: Not Found,,,Tudor,RIZE,tehspeleengpolise,PlusNine,Eins-Bohr,0,152217,153834,154201,154334,154917,MissNegativity,ELECTIONHOAX,tsp,PlusNine,sadbyarbel,160816,0,1604649600000,0,WinterPark
100,The Great 100m Dash,,,Tudor,tehspeleengpolise,minuscule,Red94,RIZE,0,72384,74584,75067,76117,78084,outgrinded :(,tsp,Minus,GivenUp!,ElectionHoax,91150,0,1605254400000,0,FourCircles
101,Doom And Tomb,,,minuscule,Bruh,Tudor,tehspeleengpolise,Arbel(1),0,115134,115284,115317,116384,118967,Minus,bruh 2026,outgrinded :(,tsp,ArbelDaMonkey,129383,0,1605859200000,0,AdorasTemple
102,Tanks Giving,,,Multiple People,skibimi,Arbel(1),Eins-Bohr,Fuan(3),0,144634,145784,145834,149317,151051,tsp,Skibimi,ArbelDaMonkey,EinsO_o,Fuan,167667,0,1606464000000,0,Cornfield
103,Working.On.Form,,,Tudor,minuscule,Arbel(1),Fuan(3),RIZE,0,139717,140634,141267,141551,141817,tudor,Minus,ArbelDaMonkey,Fuan,Paul Dirac,148350,0,1607068800000,0,FrozenOver
104,Decrypting ~By Meme TD YT,,,Tudor,RIZE,Gdzachlol,Kama,Baumfall,0,121001,121151,121584,121884,122351,Striker,P2W,gdzachlol,killerkama,Baumfall,126283,0,1607673600000,0,Encrypted
105,X Marks The Spot,,,Tudor,Gdzachlol,Red94,skibimi,tehspeleengpolise,0,120517,121867,123151,123667,124684,Striker,gdzachlol,GivenUp!,skibilovesfuan,tsp,138383,0,1608278400000,0,XFactor
106,Merry Christmas!,,,Baumfall,Tudor,Tobi,skibimi,Gumball,0,121167,121417,122051,122951,122967,Baumfall,slothluck,Tobi,skibilovesfuan,Gumball632,127050,0,1608883200000,0,Skates
107,Out Of Control,,,Multiple People,Swhk,AdoraOP,Shambo14,Tetration,0,101634,101651,101651,101651,101701,Multiple People,SwHK,adora op,Shambo14,Tetration,122416,0,1609488000000,0,ParkPath
108,Downhill Avalanche,,,infinity,Tudor,skibimi,minuscule,tehspeleengpolise,0,137684,138417,139967,140117,140501,ArbelDaMonkey,8,skibimi,Minus,ArbelDaMonkey,150916,0,1610092800000,0,AlpineRun
109,Moon Guardian ~By Skye,,,Red94,Noob,Tudor,Gumball,Seclate,0,152817,153167,153634,153951,155167,GivenUp!,NoobSimulator,E,Gumball632,Seclate,163683,0,1610697600000,0,MoonLanding
110,Alternate Flow,,,infinity,Tudor,skibimi,BTD_Jessy,Arbel(2),0,61817,63501,64801,65501,65534,infinity,Player,skibimi,Wilzy,KokichiOuma,72467,0,1611302400000,0,Downstream
111,This Is The End Of The Road,,,RIZE,kamisama,Eins-Bohr,Arbel(2),LDR9,0,144251,145034,145151,145154,145467,P2W,e1893,ready to quit,KokichiOuma,LDR9,156167,0,1611907200000,0,EndOfTheRoad
112,Race This,,,Noob,Skte,kamisama,skibimi,LDR9,0,178751,181184,181601,182167,182201,NoobSimulator,skte,h3nt41_e1893,skibimi,9,197150,0,1612512000000,0,AnotherBrick
113,Royal Flush,,,RIZE,Baumfall,Noob,Endwl,skibimi,0,71801,71967,72084,72151,72217,P2W,Fun_this_race,NoobSimulator,Endwl,skibimi,74500,0,1613116800000,0,Downstream
114,Double Double Trouble Trouble,,,infinity,skibimi,tehspeleengpolise,kamisama,LDR9,0,83634,83734,84484,85767,86117,follow4follow,skibimi,tsp,e1893,LDR9,90116,0,1613721600000,0,Quad
115,You Snooze You Lose,,,exephur,Endwl,Shwax,Telt,infinity,0,93667,97517,98151,98367,98367,exephur,Endwl,Shwax,Telt,infinity,105833,0,1614326400000,0,Underground
116,Dark Dangerous Times,,,skibimi,exephur,kamisama,Noob,Noble,0,121451,121651,122634,125467,125684,Isab,exephur,ISAB,ISAB,Noble,139133,0,1614931200000,0,TownCenter
117,Yin And Yang,,,skibimi,BTD6_Jessy,infinity,BornToDie,Telt,0,131951,132167,132467,132551,132584,skibimi,ISAB,skibimi,Born To Die,Telt,135950,0,1615536000000,0,Balance
118,B B B Boat,,,Tobi,Baumfall,skibimi,infinity,RIZE,0,136551,136817,137034,137084,138401,Tobi,B B B Baum,Trymacs,G_G_G_Glue,RIZE,144667,0,1616140800000,0,LotusIsland
119,Caught Outside The Loop,,,Gumball,TyderdexDeluxe,KLTD1234,exephur,skibimi,0,129134,131951,132051,134251,134617,Gumball632,DartElite0051,KLTD1234,exephur,ShwaxIsABoomer,140783,0,1616745600000,0,InTheLoop
120,No Pain No Gain,,,minuscule,skibimi,Eins-Bohr,BornToDie,Sadness,0,102634,103117,104951,105167,105601,Minus,skibimi,Eins-Bohr,Sun stare,sadness,109350,0,1617350400000,0,CandyFalls
121,Patience,,,skibimi,RIZE,infinity,Pteradacktel,Graves,0,108867,110151,111017,112184,112250,skibimi,RIZE,az,Pteradacktel,Graves,120283,0,1617955200000,0,Haunted
122,Work Da Munky,,,Bean,BornToDie,skibimi,kamisama,Noble,0,81267,81417,81417,81901,82334,bean,Born To Die,RandyZ524,Chocbox,Noble,87300,0,1618560000000,0,Workshop
123,This Is My Last Resort,,,BornToDie,RIZE,skibimi,exephur,Noble,0,107801,107834,108084,108151,108151,Blue_hydrangea,ISABTOBIFENIX,skibimi,Noble,exephur,111333,0,1619164800000,0,Resort
124,4 1 14 3 5 29 33 30 43 32 34!,,,tehspeleengpolise,kamisama,skibimi,RIZE,infinity,0,115001,115384,115967,116051,117467,tsp,e1893,F4S4FKR8PYFBXA,RIZE,Tudor,123383,0,1619769600000,0,Encrypted
125,Thin Ice,,,infinity,tehspeleengpolise,skibimi,minuscule,Gumball,0,163584,166784,167401,167851,168984,Tudor,tsp,skibimi,Minus,Gumball,174400,0,1620374400000,0,Skates
126,Debmaerts,,,skibimi,RIZE,:3,minuscule,Shwax,0,144701,146717,148534,149334,152901,skibimi,RIZE,:3,Minus,Shwax,161467,0,1620979200000,0,Streambed
127,Dr. Monkey's Race,,,Gdzachlol,exephur,infinity,skibimi,Tobi,0,114851,115017,115934,116251,116251,Megumin,exephur,infinity,skibimi,Tobi,122267,0,1621584000000,0,Spillway
128,Slice And Dice,,,YtseJam,Pungrin,salo,skibimi,Shwax,0,106501,106667,107717,107834,108334,YtseJam,PUNG RIN,MO,skibimi,Shwax,110733,0,1622188800000,0,Carved
129,Corn-gratulations,,,skibimi,YtseJam,Violet,Gdzachlol,RandyZ129,0,127851,128367,128567,128901,129034,skibimi,YtseJam,Violet,GdZachLol,RandyZ524,134116,0,1622793600000,0,Cornfield
130,Who Wants To Be A Millionaire?,,,RIZE,Shwax,YNot,skibimi,Chocbox,0,107084,108417,108484,108734,108801,Start_Master,Shwax,Y Not,skibimi,Chocbox,110433,0,1623398400000,0,Cubism
131,Projecting,,,infinity,skibimi,MrPlasma,TylesdexDeluxe,Duke,0,102984,103251,103301,103684,103684,infinity,skibimi,MrPlasma,DartElite0051,Duke,106667,0,1624003200000,0,Peninsula
132,Cracking Up,,,ParParPlayz,Duke,Pungrin,Gumball,Bago,0,120501,120534,120551,120817,121251,ParParPlayzYT,Duke,PUNG RIN,Gumball,minkz,123400,0,1624608000000,0,Cracked
133,Captain Spice,,,YtseJam,infinity,Eins-Bohr,YNot,Noob,0,157084,157384,157901,158151,158951,YtseJam,infinity,Gauer,Y Not,NoobSimulator,164350,0,1625212800000,0,SpiceIslands
134,The Land Befour Time,,,infinity,Baumfall,RIZE,tehspeleengpolise,skibimi,0,136884,137517,137951,138901,139534,infinity,SLEMAX,RIZE,tsp,skibimi,144167,0,1625817600000,0,Logs
135,Machine Learning,,,YtseJam,Gumball,Duke,Baumfall,KLTD1234,0,157784,157884,158484,159334,159667,YtseJam,Gumball,Duke,SLEMAX,KLTD1234,170216,0,1626422400000,0,FrozenOver
136,Chimptastic,,,Noob,YtseJam,Eins-Bohr,LDR9,infinity,0,135217,135501,135601,135951,136417,NoobSimulator,YtseJam,Gauer,LDR9,infinity,139716,0,1627027200000,0,WinterPark
137,Giving 110 Percent,,,infinity,Baumfall,"RIZE, Gumball",Duke,ShadowMonkey,0,113351,115234,115284,115284,116734,infinity,John_Kramer,"RIZE, Gumball",Duke,ShadowMonkey,121783,0,1627632000000,0,MonkeyMeadow
138,Exponential 4,,,Eins-Bohr,YtseJam,RIZE,Tobi,Ethbar,0,96517,97284,97501,98234,98267,Gauer,YtseJam,RIZE,Tobi,Ethbar,99716,0,1628236800000,0,FourCircles
139,Unlucky,,,infinity,exephur,Duke,Eins-Bohr,RIZE,0,96967,97367,97367,98384,98451,infinity,exephur,Duke,Gauer,RIZE,103367,0,1628841600000,0,FiringRange
140,Bad To The Bone,,,Eins-Bohr,AJAYA,alittlebear,Duke,YtseJam,0,115017,115567,116334,116551,116901,Gauer,AJAYA,alittlebear,Duke,YtseJam,119100,0,1629446400000,0,EndOfTheRoad
141,Tappity Tap Tap,,,YtseJam,KLTD1234,skibimi,Duke,Baumfall,0,82051,82101,82117,82133,82133,YtseJam,KLTD1234,skibimi,Duke,Baumfall,83110,0,1630051200000,0,AlpineRun
142,Triplicity,,,infinity,YtseJam,RIZE,Duke,KLTD1234,0,107301,108851,109451,110251,110300,infinity,YtseJam,RIZE,Duke,KLTD1234,113383,0,1630656000000,0,Resort
143,Ready Set No,,,Obyn,Gwendolin,Quincy,Nesiah,STB903,0,97006,97013,97015,97017,97017,Obyn,Gwendolin,Quincy,Nesiah,STB903,97017,0,1631260800000,0,SpringSpring
144,Pondering Pat,,,Tobi,Alom,Gumball,YtseJam,Baumfall,0,234567,235067,243967,244851,245367,Tobi,.,Gumball,YtseJam,I_LOVE_TARN,285700,0,1631865600000,0,PatsPond
145,Few Two Many,,,RIZE,Alpowk,alittlebear,KLTD1234,infinity,0,130934,130951,130951,131517,131734,RIZE,Alpowk,alittlebear,KLTD1234,IAmCracked,137016,0,1632470400000,0,TreeStump
146,Bloons Of The Corn,,,exephur,RIZE,skibimi,ERROR 404,ShadowMonkey,0,67301,67334,67601,67617,67651,exephur,RIZE,skibimi,ISAB,ISAB,69467,0,1633075200000,0,Cornfield
147,Bubblewrap in the morning,,,infinity,YtseJam,KLTD1234,RIZE,LDR9,0,105434,105734,107717,107767,107951,IAmCracked,YtseJam,KLTD1234,RIZE,lodestar,114533,0,1633680000000,0,Streambed
148,404,,,Gumball,YtseJam,infinity,Affter,skibimi,0,124118,124768,125018,125718,126034,Gumball,YtseJam,IAmCracked,Algida,skibimi,134083,0,1634284800000,0,InTheLoop
149,A B C D E F G,,,infinity,KLTD1234,MaksymHEX,Gumball,Alpowk,0,154201,154684,156568,157368,158318,IAmCracked,KLTD1234,MaksymHEX,Countersnipe!,Alpowk,164150,0,1634889600000,0,TheCabin
150,2 3 5 7 11,,,RIZE,KLTD1234,YtseJam,MaksymHEX,Alpowk,0,120484,122634,123001,124051,125034,LETSGOBRANDON,KLTD1234,YtseJam,MaksymHEX,Alpowk,139683,0,1635494400000,0,BloonariusPrime
151,Dark side of the Moon,,,exephur,ted,Leohgyon,UNLUCKY,MaksymHEX,0,125968,128568,128684,129568,129968,exephur,ted2837106,Leohgyon,UNLUCKY,MaksymHEX,139600,0,1636099200000,0,MoonLanding
152,A Stroll in the Park,,,infinity,Gumball,MaksymHEX,KLTD1234,YtseJam,0,113301,113484,114251,114468,114534,IAmCracked,Countersnipe!,MaksymHEX,KLTD1234,YtseJam,124033,0,1636704000000,0,ParkPath
153,Something else,,,infinity,YtseJam,Noob,exephur,ted,0,143584,145784,146818,151034,151951,IAmCracked,YtseJam,NoobSimulator,exephur,ted2837106,146133,0,1637308800000,0,Hedge
154,Bad egg,,,infinity,Colt,YtseJam,Gumball,alittlebear,0,89568,91368,91768,91768,91834,IAmCracked,Colt,YtseJam,Gumball,alittlebear,103033,0,1637913600000,0,CandyFalls
155,ekaR,,,Gumball,YtseJam,Leohgyon,:3,KLTD1234,0,147551,151934,153318,155001,156968,Gumball,YtseJam,Leohgyon,:3,KLTD1234,176067,0,1638518400000,0,Rake
156,Captarn,,,YtseJam,alittlebear,Alpowk,KLTD1234,MaksymHEX,0,133868,136384,136718,136818,137384,Ytsejam,alittlebear,Alpowk,KLTD1234,MaksymHEX,154383,0,1639123200000,0,Resort
157,Lotus of the jungle,,,infinity,KLTD1234,ParParPlayz,YtseJam,Affter,0,127534,129134,130868,130934,131268,IAmCracked,KLTD1234,iPad Nerd,Ytsejam,Affter,142167,0,1639728000000,0,LotusIsland
158,Chracetmas,,,infinity,Leohgyon,KLTD1234,MaksymHEX,Gumball,0,108118,108518,108768,109651,109684,IAmCracked,Leohgyon,KLTD1234,MaksymHEX,Gumball,120367,0,1640332800000,0,QuietStreet
159,New Race New You,,,Eins-Bohr,KLTD1234,LDR9,alittlebear,MaksymHEX,0,141234,141418,142384,143051,143068,Ein,KLTD1234,Lodestar,alittlebear,MaksymHEX,156767,0,1640937600000,0,Chutes
160,Making waves,,,Colt,infinity,KLTD1234,ERROR 404,Eins-Bohr,0,104551,105001,105184,105201,105401,Colt1234,IAmCracked,KLTD1234,ISAB,Ein,113567,0,1641542400000,0,OffTheCoast
161,505 Not phound,,,infinity,KLTD1234,MaksymHEX,ted,YtseJam,0,97301,97368,97601,98434,98868,Skill issue,KLTD1234,MaksymHEX,Ted2837106,Ytsejam,104367,0,1642147200000,0,Carved
162,Loop De Loop,,,infinity,KLTD1234,AJAYA,alittlebear,LDR9,0,79551,79718,79818,79818,80501,HiSavAndTarn,KLTD1234,AJAYA,alittlebear,Lodestar,88850,0,1642752000000,0,Skates
163,Top 5 Percent,,,Gumball,egulio,Colt,KLTD1234,MaksymHEX,0,158701,158884,158984,159501,160984,Gumball,egulio,Colt1234,KLTD1234,MaksymHEX,173900,0,1643356800000,0,DarkCastle
164,Trowel and error,,,Cannibalism,infinity,exephur,MaksymHEX,egulio,0,138401,139501,140134,140551,140618,IUsedCe,IUsedCe,Player,MaksymHEX,egulio,152216,0,1643961600000,0,AnotherBrick
165,30 Speed,,,MaksymHEX,Colt,KLTD1234,YtseJam,Alpowk,0,144101,144134,144368,145351,147051,MaksymHEX,YT: Colt BTD6,KLTD1234,Ytsejam,Alpowk,160167,0,1644566400000,0,HighFinance
166,Second too late,,,YtseJam,infinity,egulio,KLTD1234,Dedenne,0,137318,138618,139884,144034,144551,YtseJam,Mael=Fun,egulio,KLTD1234,Dedenne,152283,0,1645171200000,0,Cubism
167,Middle of nowhere,,,KLTD1234,Colt,Alpowk,infinity,Chocbox,0,140518,140984,143468,143884,144168,KLTD1234,ILoveGwenRaces,Alpowk,Vrej,Chocbox,177283,0,1645776000000,0,XFactor
168,Subtarranean,,,ParParPlayz,MaksymHEX,KLTD1234,BoomerVillager,YtseJam,0,99534,99951,100001,101168,104584,iPad Nerd,MaksymHEX,KLTD1234,Lategamechimps,YtseJam,114750,0,1646380800000,0,Infernal
169,Alternative bloons,,,infinity,YtseJam,Duke,Affter,DoesShibaCare,0,85218,85484,85618,86434,87134,skcuSnraT,YtseJam,Duke,Affter,DoesShibaCare,169200,0,1646985600000,0,EndOfTheRoad
170,Spooky Speedway,,,Gumball,Myszkaedzio,KLTD1234,Tobi,SayGoodbye,0,161568,161884,162868,163251,163634,Gumball,Myszkaedzio,KLTD1234,Tobi,wthnk,169200,0,1647590400000,0,Carved
171,Snow shovel,,,bruh,infinity,KLTD1234,Colt,Tobi,0,115201,116018,117201,117851,118451,bruh 2026,Scammed,KLTD1234,YT: Colt BTD6,Tobi,128316,0,1648195200000,0,QuietStreet
172,April Fools,,,YtseJam,Cal4din,Alpowk,KLTD1234,Colt,0,104218,104351,105434,105468,105501,YtseJam,Cal4din,Alpowk,KLTD1234,Lawrence Zhou,110616,0,1648800000000,0,Geared
173,52 Done,,,Colt,bruh,infinity,KLTD1234,MaksymHEX,0,79718,80001,80034,80034,80818,YT: Colt BTD6,bruh 2026,easytbh,KLTD1234,Void Termina,83367,0,1649404800000,0,KartsNDarts
174,Geracedo,,,exephur,Affter,MaksymHEX,YtseJam,sYnceTH3N,0,129451,129734,131718,131751,131818,exephur,Affter,MaksymHEX,YtseJam,Synceth3n,135383,0,1650009600000,0,Resort
175,Scrappy dappy doOoOO,,,infinity,Gumball,YtseJam,KLTD1234,tehspeleengpolise,0,171568,174168,175134,178168,181451,nocompetition,Gumball,YtseJam,KLTD1234,TSP,194167,0,1650614400000,0,Scrapyard
176,Balance or Chaos,,,YtseJam,KLTD1234,Dedenne,MaksymHEX,infinity,0,136284,136368,136518,137334,137734,YtseJam,KLTD1234,Dedenne,Tryagntmrwagn!,nocompetition,140733,0,1651219200000,0,Balance
177,Adorable,,,Gumball,KLTD1234,Eins-Bohr,Myszkaedzio,Alpowk,0,151218,151484,152318,152968,156518,Gumball,KLTD1234,Eins-Bohr,Myszkaedzio,Alpowk,173633,0,1651824000000,0,AdorasTemple
178,Lucky 13,,,infinity,SayGoodbye,Myszkaedzio,KLTD1234,SuperNova,0,129184,129268,129868,130484,130950,Infinity,RoF is cracked,Myszkaedzio,KLTD1234,SuperNova,133916,0,1652428800000,0,WinterPark
179,Hardened Shell ~By Ashtones,,,egulio,Eins-Bohr,Ashtones,Affter,Alpowk,0,93484,94668,95584,95718,95934,egulio,Eins-Bohr,Ashtones,Affter,Alpowk,105033,0,1653033600000,0,Streambed
180,Mr Jones,,,YtseJam,KLTD1234,Affter,bruhbruh,Sarah,0,95168,95534,95734,95884,96301,YtseJam,KLTD1234,Affter,bruhbruh,Sarah,100783,0,1653638400000,0,Hedge
181,Blimp Blimp,,,YtseJam,Gumball,Alpowk,bruhbruh,KLTD1234,0,107218,107518,108618,108784,108968,YtseJam,Gumball,Alpowk,bruhbruh,KLTD1234,113533,0,1654243200000,0,Haunted
182,Cup Race; On your mark,,,infinity,Gumball,exephur,YtseJam,ParParPlayz,0,120968,121551,121684,122268,123168,infinity,Gumball,exephur,YtseJam,iPad Nerd,130267,0,1654848000000,0,KartsNDarts
183,Cup Race; Pit Stop,,,SuperNova,Gumball,Colt,SayGoodbye,KLTD1234,0,103084,103251,103451,103468,104084,Eminemi,Gumball,(YT) Colt BTD6,SayGoodbye,KLTD1234,113300,0,1655452800000,0,InTheLoop
184,Cup Race; Jump the gun,,,Gumball,ParParPlayz,Cannibalism,Alpowk,infinity,0,107051,107551,108101,108301,108901,infinity,iPad infinity,Cannibalism,infinity,infinity,119700,0,1656057600000,0,FourCircles
185,Cup Race; Finish Line,,,Colt,infinity,KLTD1234,Josenobi,Alpowk,0,130884,131101,131534,131568,131801,YT Colt BTD6,Infinity,KLTD1234,infinity**(-1),Alpowk,146467,0,1656662400000,0,KartsNDarts
186,Corntada ~By GamingWithMrGoblin,,,Alpowk,infinity,Colt,YtseJam,Gilad,0,131634,131768,132001,132334,132784,Alpowk,RandyZ524,YT Colt BTD6,YtseJam,S1mp for tina,146100,0,1657267200000,0,Cornfield
187,Slipstream,,,infinity,Cannibalism,KLTD1234,SayGoodbye,YtseJam,0,151568,152001,155401,156984,159868,IAmCracked,Player,KLTD1234,i touch grass,YtseJam,174483,0,1657872000000,0,Streambed
188,"Reduce, Reuse, Raceycle!",,,infinity,Colt,YtseJam,sYnceTH3N,Sarah,0,86751,86951,87768,88334,88918,IAmCracked,YT Colt BTD6,YtseJam,sYnceTH3N,Sarah,93650,0,1658476800000,0,Scrapyard
189,A Townsfull Race!,,,YtseJam,bruhbruh,Alpowk,ParParPlayz,MonkeKiwi,0,117884,118551,118568,118734,121068,YtseJam,bruhbruh,Alpowk,ParParPlayzYT,MonkeKiwi,132116,0,1659081600000,0,TownCenter
190,Number One,,,exephur,ParParPlayz,Cannibalism,infinity,bruhbruh,0,93668,97418,97968,100484,101201,FedEx,ParParPlayzYT,YtseJam,infinityBTD6YT,bruhbruh,114967,0,1659686400000,0,MoonLanding
191,Taken from CT,,,infinity,Gumball,Cannibalism,1584883210,Cat Phase,0,142901,143668,147601,156734,157968,infinityBTD6YT,Gumball,Lawrence_Zhao,1584883210,Cat Phase,172633,0,1660291200000,0,FiringRange
192,The Dig Bang Theory,,,infinity,YtseJam,Colt,KLTD1234,Leohgyon,0,104818,104818,104818,104818,104818,infinityBTD6YT,YtseJam,YT Colt BTD6,KLTD1234,Leohgyon,110050,0,1660896000000,0,Quarry
193,Ice and easy,,,SupremeAvocado,Gumball,Irrlicht,Arcanace,1584883210,0,129868,130701,132151,132368,132634,SupremeAvocado,Gumball,Irrlicht,Arcanace,1584883210,136183,0,1661500800000,0,Resort
194,Downshift,,,YtseJam,exephur,Baumfall,Colt,1584883210,0,119601,121368,121634,121934,121984,YtseJam,FedEx,Baumfall,ujugsucks,1584883210,129750,0,1662105600000,0,Downstream
195,Glacial Craters,,,exephur,YtseJam,ZBGluyangYB,ISAB,Gumball,0,135834,136084,137434,144334,145284,exephur,YtseJam,GentleluyangSB,ISAB,Gumball,152150,0,1662710400000,0,AlpineRun
196,One Shot,,,Gumball,Colt,Ashtones,Gilad,Ultra,0,146151,146318,148018,148068,148084,Gumball,ujugsucks,Ash,Soce mybeloved,Ultra,161967,0,1663315200000,0,MonkeyMeadow
197,Mini Luck ~ By FuryBlade797,,,AJAYA,Colt,Eins-Bohr,YtseJam,bruhbruh,0,95818,95818,95818,95818,95818,AJAYA,Formalhaut,Formalhaut,Josenobi,YtseJam,95816,0,1663920000000,0,Workshop
198,5 0verclock 5,,,exephur,Colt,bruhbruh,KLTD1234,Eins-Bohr,0,102751,102801,103101,104118,104584,exephur,YT: Colt BTD6,bruhbruh,KLTD1234,Formalhaut,115633,0,1664524800000,0,Balance
199,Hold Four Horses,,,Colt,YtseJam,Leohgyon,bruhbruh,Affter,0,145868,148684,149068,150951,153401,YT: Colt BTD6,YtseJam,Leohgyon,bruhbruh,Affter,166183,0,1665129600000,0,Haunted
200,Mesta been fun,,,Josenobi,Colt,YtseJam,SayGoodbye,Soce,0,153568,153584,159168,163051,163118,Josenobi,YT: Colt BTD6,YtseJam,ISAR,Soce,187767,0,1665734400000,0,Mesa
201,Carvin Out Some Bloons,,,Colt,YtseJam,salo,SayGoodbye,Leohgyon,0,102851,103001,103101,103201,103284,StopDruidRaces,YtseJam,salo,ISAR,Leohgyon,104500,0,1666339200000,0,Carved
202,Window Shopping,,,Colt,YtseJam,MiStaikz,syyver,bruhbruh,0,94284,94318,94684,94868,96051,FenixKillahFan,YtseJam,ong momentfrfr,ong momentfrfr,bruhbruh,160000,0,1666944000000,0,CoveredGarden
203,"Circles, Circles, And More Circles!",,,infinity,Colt,Gumball,SayGoodbye,Chocbox,0,133718,134918,135534,136234,136568,infinitybtd6yt,infinitybtd6yt,Gumball,overcontested,Chocbox,142733,0,1667548800000,0,FourCircles
204,Big Smols,,,Gumball,YtseJam,exephur,syyver,Affter,0,99384,99651,99801,100301,100418,Gumball,YtseJam,exephur,syyyyyvvvver,Gilbert2115,107550,0,1668153600000,0,Spillway
205,ABC Thine,,,infinity,SayGoodbye,Gumball,MiStaikz,Colt,0,173401,175618,176501,179301,181084,infinitybtd6yt,WorstRacerEver,Gumball,Mistaikz YT,No Competition,209150,0,1668758400000,0,TheCabin
206,Elements ~By FuryBlade787,,,Cannibalism,infinity,salo,Josenobi,ZT,0,113834,114034,115934,115951,116234,uwudette,shwax,salo,Josenobi,shwax,121633,0,1669363200000,0,Cracked
207,Small hours residence,,,bruhbruh,exephur,Gilad,syyver,Colt,0,117934,118284,118301,118534,118601,bruhbruh,U-Haul-My-Load,Gaylad,syyyyyvvvver,Ryujin,125450,0,1669968000000,0,MidnightMansion
208,Closing Time,,,YtseJam,Gumball,bruhbruh,Soce,Leohgyon,0,118434,118518,119201,119934,121368,Ytsejam,Gumball,bruhbruh,Sevemma,Leohgyon,146350,0,1670572800000,0,CoveredGarden
209,Operational Assistance,,,Affter,Cannibalism,Gilad,SayGoodbye,Sarcasm,0,157934,161501,161518,162051,163068,Mekambe,messi4wc2022,Gaylad,2 trash for top,Sarcasm,174767,0,1671177600000,0,Streambed
210,Fightyard,,,Gilad,Leohgyon,Soce,Colt,SayGoodbye,0,63584,64051,64568,64634,64801,Gaylad,Leohgyon,chaewon,Chaewon,2 trash 4 top1,68950,0,1671782400000,0,Scrapyard
211,Rabbit go hoppity,,,Leohgyon,exephur,ParParPlayz,SayGoodbye,syyver,0,107634,108684,108918,108951,109168,Leohgyon,exephur,iPad Nerd,2 trash 4 top1,syyyyyvvvver,115867,0,1672387200000,0,QuietStreet
212,Impoppable Duos,,,Soce,bruhbruh,Gilad,SayGoodbye,Gumball,0,171501,171618,172501,173301,173851,seeveemma,bruhbruh,Iloveoverflow,2 trash 4 top1,Gumball,188167,0,1672992000000,0,MonkeyMeadow
213,Uncracked,,,syyver,Cannibalism,Ultra,ZT,Baumfall,0,114001,114268,114618,114951,115068,noob below,noob above,SayGoodbye,ZT,Sven Svensonn,120400,0,1673596800000,0,Cracked
214,B.A.D v3 ~By Leohgyon,,,AJAYA,ZBGluyangSB,Josenobi,masmaves,SayGoodbye,0,99468,99668,99984,101384,101634,AJAYA,GentleluyangSB,Josenobi,masmaves,2 trash 4 top1,149583,0,1674201600000,0,FrozenOver
215,Fear the blimp,,,egulio,Cannibalism,syyver,SayGoodbye,MonkeKiwi,0,116951,117568,117668,117718,118034,egulio,Mar1o,Syyver,2 trash for top1,Monkekiwi,122183,0,1674806400000,0,HighFinance
216,What in carnation?,,,salo,Soce,Leohgyon,Baumfall,MonkeKiwi,0,105151,106034,106151,106334,107018,salo,seeveema,Leohgyon,Sven Svensonn,Monkekiwi,112916,0,1675411200000,0,LotusIsland
217,"Out of bricks, out of sight",,,tehspeleengpolise,Duke,Gumball,salo,Cannibalism,0,126268,126551,126768,127001,129651,tsp,Duke,Gumball,salo,YT RonZissuBTD,147150,0,1676016000000,0,AnotherBrick
218,Park it right here,,,YtseJam,TylerDex,KLTD1234,ZT,Colt,0,124718,125451,125568,125568,125634,YtseJam,Tylerdex,ZT,ZT,Coltyena,129433,0,1676620800000,0,ParkPath
219,Starting one gear higher,,,bruhbruh,Soce,Leohgyon,KLTD1234,aero,0,109851,110234,111551,112001,113484,bruhbruh,Seeveemma,Leohgyon,nksucks,aero,121450,0,1677225600000,0,KartsNDarts
220,Crickety Cracked,,,exephur,guedes,Soce,bruhbruh,Sarcasm,0,123418,124018,124034,124284,124334,exephur,Guedesz,seeveemma,bruhbruh,Sarcasm,132583,48513,1677830400000,0,Cracked
221,Using the Middle to your advantage,,,YtseJam,Cannibalism,Duke,KLTD1234,TylerDex,0,81601,81918,82168,82551,83618,Ytsejam,Infineeznuts,Duke,nksucks,TylerDex,94533,62780,1678435200000,0,MiddleOfTheRoad
222,The Abyssal Plane,,,Vcoach,Gumball,bruhbruh,Soce,ZT,0,89001,89134,89184,89651,89818,Vcoach,Gumball,plsgivemecoke,sevvinx,ZT (nk sucks),93733,0,1679040000000,0,SunkenColumns
223,A different kind of Spice,,,ZT,bruhbruh,YtseJam,Gilad,tehspeleengpolise,0,131701,131768,131768,132018,133568,ZT,Bruhbruh,YtseJam,mango,tsp,143083,0,1679644800000,0,SpiceIslands
224,Cheap and Poor ~By Ash,,,Cannibalism,bruhbruh,Gumball,Soce,SayGoodbye,0,93834,97551,97934,98168,101718,canni,bruhbruh,Gumball,seeveemma,t1 when,111633,0,1680249600000,0,TownCenter
225,Egg and Spoon,,,YtseJam,Colt,Infuriation,ZT,Affter,0,84768,84818,84901,85251,85334,YtseJam,YT: Colt BTD6,Infuriation,ZT,Affter,88333,0,1680854400000,0,OneTwoTree
226,Release the beasts,,,Cannibalism,Gilad,Ultra,Gumball,Soce,0,85751,86818,87468,88418,89501,vueko,mango,oltra,Gumball,seeveemma,99867,0,1681459200000,0,FrozenOver
227,Underground Rave,,,Cannibalism,Sarcasm,Vcoach,KLTD1234,Ashtones,0,137084,138234,138518,139018,139134,Bondrewd,Sarcasm,Vcoach,nksucks,Ash,144983,0,1682064000000,0,Underground
228,"Fast Stream, Slow Flow",,,Leohgyon,bruhbruh,Soce,aero,ParParPlayz,0,123701,125668,126218,126401,126601,Leohgyon,bruhbruh,seeveemma,aero,iPad Nerd,140483,0,1682668800000,0,Streambed
229,Market Rush,,,Colt,TylerDex,bruhbruh,ZT,EarthyRock,0,115351,115868,119001,120868,120901,YT: Colt BTD6,TylerDex,bruhbruh,YT: ZT BTD6,OG_Gamer2012,145983,0,1683273600000,0,Bazaar
230,Race to the River,,,Gumball,salo,KLTD1234,Vcoach,Cannibalism,0,134434,135334,136884,137101,137234,Gumball,salo,nksucks,Vcoach,the syndicate,144150,0,1683878400000,0,Downstream
231,Not to quarry,,,Vcoach,YtseJam,EarthyRock,salo,Cannibalism,0,115784,115818,116351,116418,116518,Vcoach,YtseJam,OG_Gamer2012,salo,btdb in 2023,147667,0,1684483200000,0,Quarry
232,Tread Carefully,,,Sarcasm,Cannibalism,SayGoodbye,Vcoach,Eins-Bohr,0,97868,98718,98868,99268,99401,Near,ozen,bruhbruhiscute,Vcoach,Eins-Bohr,108383,0,1685088000000,0,EndOfTheRoad
233,Central Establishment,,,Colt,Cannibalism,Ultra,ZT,Reflex,0,102751,103351,103534,103851,104068,Wonyoung <3,Vuerueruko,Ultra,YT: ZT BTD6,Reflex,110083,0,1685692800000,0,MiddleOfTheRoad
234,Urvhwwd Vwrqh,,,Cannibalism,infinity,Monkekiwi,Vcoach,Mertex,0,138033,141050,142867,144250,147883,infinity sucks,amiwashed,Molten Boi,Vcoach,Mertex,160783,0,1686297600000,0,Encrypted
235,Camo Chaos,,,Infinity,Leohgyon,Reflex,KLTD1234,EarthyRock,0,141567,141683,142650,143200,145600,amiwashed,Leohgyon,Reflex,nksucks,OG_Gamer2012,156533,0,1686902400000,0,Skates
236,Chocolate Run,,,Cannibalism,Infinity,Gumball,Vcoach,bruhbruh,0,135267,136400,137700,139950,140667,hori san,Uniquepotatoes,Gumball,Vcoach,bruhbruh,152950,0,1687507200000,0,CandyFalls
237,Go Car,,,Ultra,Gilad,Vcoach,EarthyRock,KLTD1234,0,101283,102216,103983,104000,105400,ltra,j2w in de zhou,Vcoach,OG_Gamer2012,nksucks,124116,0,1688112000000,0,Cargo
238,Equilibrium,,,ZT,Vcoach,ParParPlayz,PSI,EarthyRock,0,120183,120300,121216,121267,122550,YT: ZT BTD6,Vcoach,ParParPlayz,PSI,OG_Gamer2012,137416,0,1688716800000,0,Balance
239,Capacity Constraints,,,Duke,Sarah,Vcoach,PSI,Aero,0,119516,119916,119933,119967,120167,Start Master 2,Sarah,ltra,PSI,aero,120783,0,1689321600000,0,TheCabin
240,The Chosen Ones,,,Cannibalism,hlmc,Duke,TSP,Vcoach,0,130967,131116,131183,132833,132850,damiano,Flora,Duke,tsp,Vcoach,137367,0,1689926400000,0,MoonLanding
241,MOAB crashers,,,Infinity,Cannibalism,Duke,Vcoach,Ultra,0,128100,128983,130416,133000,133016,khoa,Mattias,Duke,Vcoach,Ultra,151683,0,1690531200000,0,TreeStump
242,3 to the Three,,,Infinity,Cannibalism,Duke,Leohgyon,Vcoach,0,135767,135816,136867,137667,138183,khaos,ok,Duke,Leohgyon,Vcoach,151983,0,1691136000000,0,FrozenOver
243,Pierce Problems,,,Infinity,SayGoodbye,salo,Gumball,TSP,0,129400,133383,133800,139950,140716,the rizzler,sinead,salo,Gumball,tsp,177916,0,1691740800000,0,FourCircles
244,Fire and Ice R.F,,,Infinity,Cannibalism,Monkekiwi,Colt,Mertex,0,113933,114150,114550,115467,115900,ISAB fan,kamisama,Molten Boi,Wonyoung <3,Mertex,126350,0,1692345600000,0,Erosion
245,"Fast bloons, slooooow MOABs",,,Infinity,Duke,YtseJam,Cannibalism,Monkekiwi,0,135116,135150,135267,135600,136150,Nerf Ace,Duke,YtseJam,borntodie,Molten Boi,145750,0,1692950400000,0,KartsNDarts
246,Ouch indeed,,,Cannibalism,Duke,YtseJam,KLTD1234,Colt,0,148783,148967,150267,151733,152100,Bean,Duke,YtseJam,nksucks,Wonyoung <3,164850,0,1693555200000,0,#Ouch
247,"Tough bloons, tougher explosions",,,bruhbruh,Mertex,ZT,SayGoodbye,Soce,0,151900,152150,152916,153333,154633,bruhbruh,holy moly,YT: ZT BTD6,btd6 no0o0o0b,seeveemma,169016,0,1694160000000,0,WinterPark
248,Petal to the metal,,,bob,Mertex,Leohgyon,KLTD1234,CT noob,0,125416,125783,126000,126150,126933,oops,Mertex,Leohgyon,nksucks,CT noob,134250,0,1694764800000,0,LotusIsland
249,Mission Impoppable,,,Leohgyon,Ultra,KLTD1234,Mertex,ZT,0,181067,181233,181350,181433,181450,Leohgyon,Ultra,nksucks,Mertex,YT: ZT BTD6,188833,0,1695369600000,0,MonkeyMeadow
250,Splish Splash Sploosh,,,exephur,KLTD1234,Leohgyon,ParParPlayz,Sarcasm,0,160233,161050,162300,167900,167933,exephur,nksucks,Leohgyon,ParParPlayz,Sarcasm,186900,0,1695974400000,0,WaterPark
251,Shop Work,,,YtseJam,Leohgyon,Cannibalism,Ultra,Sarcasm,0,85033,85516,85683,85700,86150,YtseJam,Leohgyon,cannii,Ultra,Sarcasm,91050,0,1696579200000,0,Workshop
252,2 by 2 on the 4 by 4,,,Mertex,KLTD1234,Ultra,Leohgyon,Sarcasm,0,120167,120433,120567,121016,121467,Mertex,nksucks,Ultra,Leohgyon,Sarcasm,127116,0,1697184000000,0,FourCircles
253,Tightened Valves,,,Cannibalism,Duke,SayGoodbye,KLTD1234,TylerDex,0,120683,122233,122683,122816,126167,conrad cole,Duke,girlygamergal,nksucks,TylerDex,135950,0,1697788800000,0,Spillway
254,Season of Spooks,,,Exephur,KLTD1234,Myszkaedzio,TSP,TylerDex,0,141000,141867,143433,143750,144650,2004 Ford F350,nksucks,Myszkaedzio,tsp,TylerDex,152416,0,1698393600000,0,DarkPath
255,Novem,,,Duke,YtseJam,Cannibalism,Mertex,KLTD1234,0,129900,129983,130067,130516,131767,not Duke,YtseJam,minuscule,911RaceEnjoyer,nksucks,137350,0,1698998400000,0,SunkenColumns
256,Iced in,,,ZT,Mertex,Ytsejam,KLTD1234,racecar,0,105050,105516,105667,109216,111383,YT ZT BTD6,Abi,Ytsejam,nksucks,RACECAR,115450,0,1699603200000,0,QuietStreet
257,Military Might,,,Cannibalism,Duke,KLTD1234,TSP,Player,0,159283,160783,161850,165416,165833,skibimi,skibimi's alt,nksucks,tsp,Player,174250,0,1700208000000,0,FiringRange
258,5 at all times,,,ParParPlayz,Sarcasm,KLTD1234,Ryre,Gumball,0,157733,158350,158733,163733,164116,ParParPlayz,Sarcasm,nksucks,Ryre,Gumball,179850,0,1700812800000,0,Underground
259,Casted Away,,,Cannibalism,KLTD1234,Gumball,TSP,Aero,0,164233,165750,166367,167750,168000,thanh xuan,nk sucks,Gumball,tsp,aero,174983,0,1701417600000,0,OffTheCoast
260,Shooting Straight Ahead,,,Leohgyon,bruhbruh,KLTD1234,Myszkaedzio,Kirtap,0,163550,165300,166216,166650,168583,Leohgyon,bruhbruh,nksucks,Myszkaedzio,Kirtap,181500,0,1702022400000,0,AlpineRun
261,Hindered Start,,,Cannibalism,KLTD1234,Ultra,Leohgyon,TSP,0,138016,140800,140833,141667,142567,nami swan,nksucks,AceSucks,NERF ACE,tsp,161416,0,1702627200000,0,Streambed
262,A Very Merry Race,,,Soce,Leohgyon,Earthyrock,KLTD1234,Myszkaedzio,0,92316,94100,94516,95250,95567,seveemma,NERF ACE,OG_Gamer2012,nksucks,Myszkaedzio,104467,0,1703232000000,0,FrozenOver
263,"A New Year, a New Time to Race!",,,Soce,Infinity,Leohgyon,Sarcasm,Player123,0,125716,125850,126516,126867,127150,Infinity,Use Code SGB,sgb sucks,Use code SGB,TY SGB,140167,0,1703836800000,0,ParkPath
264,Haunting the Bloons,,,Soce,KLTD1234,bruhbruh,Myszkaedzio,TylerDex,0,166267,166767,167083,168483,170150,Infinity,nksucks,bruhbruh,Myszkaedzio,TylerDex,182200,0,1704441600000,0,Haunted
265,Closed in,,,Soce,bruhbruh,Mertex,KLTD1234,TSP,0,140150,140333,140350,140467,141416,Lawrence Zhou,bruhbruh Zhou,SayGoodBye,nksucks,tsp,154467,0,1705046400000,0,Cornfield
266,Missing end of round cash ~By Leohgyon,,,Cannibalism,Soce,Duke,KLTD1234,TSP,0,131416,131883,133850,134416,136500,ytsejam,hina,Duke,nksucks,tsp,149567,0,1705651200000,0,Logs
267,Reverse Sweep,,,Soce,Aero,bruhbruh,KLTD1234,TSP,0,191716,191750,192900,198133,200000,hina,aero,bruuuuuuhbruh,nksucks,tsp,233150,0,1706256000000,0,Rake
268,Speaking in Fives,,,Soce,Affter,TylerDex,Leohgyon,Earthyrock,0,168750,169683,170083,170383,170783,hina,BOMBOCLAAAAAAT,TylerDex,Leohgyon,OG_Gamer2012,191133,0,1706860800000,0,Downstream
269,Jones and the Loops,,,KLTD1234,TylerDex,Myszkaedzio,Cannibalism,Sarah,0,121967,122000,122633,124033,124150,nk sucks,TylerDex,Myszkaedzio,Shwax,tsp alt,132133,0,1707465600000,0,InTheLoop
270,Bouncing Time,,,Sarah,Mertex,Leohgyon,TSP,EarthyRock,0,123983,125350,125450,125583,125867,tsp alt,Mertex,Leohgyon,tsp,OG_Gamer12,136416,0,1708070400000,0,SulfurSprings
271,Corvus at the end,,,Gumball,salo,KLTD1234,bruhbruh,ISAB,0,143250,143516,145600,148900,149767,Gumball,salo,nksucks,bruuuuuubruh,ISAB,164267,0,1708675200000,0,EndOfTheRoad
272,The Backline,,,Leohgyon,salo,KLTD1234,Josenobi,TylerDex,0,78950,79600,79716,79816,80683,Leohgyon,salo,nksucks,Josenobi,TylerDex,87050,0,1709280000000,0,Cracked
273,Coasting Around,,,Gumball,KLTD1234,Leohgyon,Myszkaedzio,SayGoodbye,0,146867,147267,147516,147867,148683,Gumball,nksucks,Leohgyon,Myszkaedzio,free feinberg,155533,0,1709884800000,0,OffTheCoast
274,Racing through the mud,,,Affter,Sarcasm,KLTD1234,Aero,TSP,0,140116,140633,141467,141600,142833,Bloonpopper428,Last,nksucks,aero,tsp,159833,0,1710489600000,0,MuddyPuddles
275,Hitting Fast and Hitting Hard,,,Myszkaedzio,KLTD1234,Aero,TSP,EarthyRock,0,142250,142733,143150,143367,143800,Myszkaedzio,nksucks,Haewon <3,tsp,OG_Gamer2012,176800,0,1711094400000,0,Cubism
276,Easter Rush,,,aero,KLTD1234,SayGoodbye,Colt,AYAYA,0,167633,172816,173000,174033,178533,aero,nksucks,sad girl bunny,Wonyoung <3,AYAYA,202900,0,1711699200000,0,SpringSpring
277,Darkness Awaits,,,KLTD1234,Mertex,Aero,SayGoodbye,EarthyPilot,0,159367,159500,160267,160283,160367,nksucks,kltd rng,aero,sad girl bunny,Femboyqt2006,171367,0,1712304000000,0,DarkCastle
278,Scrapping By,,,Gumball,Duke,Cannibalism,KLTD1234,ParParPlayz,0,143800,144000,145267,146867,150300,Gumball,Duke,NeedhHelpWHeli,nksucks,ParParPlayz,157867,0,1712908800000,0,Scrapyard
279,Around the Temple we go,,,KLTD1234,Ultra,EarthyPilot,Sarcasm,Leohgyon,0,158133,159116,159967,160033,160116,nksucks,Wonhee,Lawrence Zhou,Last,Leohgyon,170350,0,1713513600000,0,AdorasTemple
280,"Steam, Dinosaurs, Magic",,,Sarcasm,KLTD1234,AJAYA,Gumball,Dawid,0,156067,156267,157233,158116,158883,kltd rng,nksucks,AJAYA,Gumball,Dawid,173800,0,1714118400000,0,CastleRevenge
281,Don't step on the Spikes,,,TSP,Player,SayGoodbye,YtseJam,ParParPlayz,0,144400,145033,145533,145650,146600,tsp,Player,espresso,Ytsejam,ParParPlayz,173550,0,1714723200000,0,TheCabin
282,The not so race towers,,,Gumball,KLTD1234,Sarah,SayGoodbye,TSP,0,150450,152433,152916,153616,155750,Gumball,nksucks,Sarah,espresso,tsp,191650,0,1715328000000,0,LotusIsland
283,Onslaught at Sea,,,Leohgyon,1brt,KLTD1234,SayGoodbye,TSP,0,158983,159033,160416,162383,162650,Leohgyon,1brt,nksucks,Bloonpopper777,tsp,168633,41254,1715932800000,0,SpiceIslands
284,Brutal Ceramics,,,TSP,Gumball,Leohgyon,KLTD1234,Colt,0,161550,162267,162467,165033,167167,tsp,Gumball,Leohgyon,nksucks,Wonyoung <3,196300,11102,1716537600000,0,Cracked
285,The Pit Crew,,,salo,KLTD1234,Colt,Gumball,TSP,0,188300,188933,189450,192667,192850,salo,nksucks,Wonyoung <3,Gumball,tsp,224900,0,1717142400000,0,KartsNDarts
286,Rushing through the lab!,,,Mertex,Ajaya,Sarcasm,KLTD1234,salo,0,127267,127533,127650,129283,131067,kldt rng prime,Random Rain,euphoria,nksucks,salo,149333,18386,1717747200000,0,Tinkerton
287,The Long Rangers,,,Duke,Cannibalism,Leohgyon,TSP,YtseJam,0,159816,161683,163883,166116,169783,Duke,jason luv,Leohgyon,tsp,YtseJam,178616,2494,1718352000000,0,Cargo
288,A VERY late start,,,Colt,KLTD1234,salo,Gumball,Leohgyon,0,124733,126216,127833,128833,130216,YT: Colt BTD6,nksucks,salo,Gumball,Leohgyon,146416,9305,1718956800000,0,MonkeyMeadow
289,Quick Support,,,Cannibalism,Duke,KLTD1234,EarthyPilot,Necromable,0,148950,151467,156950,157567,162733,con artist,Duke,nksucks,Thunder1408,Necromable,205983,37010,1719561600000,0,Streambed
290,Fried Ice,,,Gumball,salo,Leohgyon,KLTD1234,Necromable,0,89867,90067,90600,91016,91267,Gumball,salo,Leohgyon,nksucks,Necromable,95583,49892,1720166400000,0,Downstream
291,Density Insanity,,,KLTD1234,Ajaya,Mertex,Hweioah,bestproDanny11,0,139933,139933,139983,140016,140016,nksucks,WORLAK  AJ!,ElGatinoSucks,Hweioah,bestproDanny11,142700,59885,1720771200000,0,FourCircles
292,Obyns Favorites,,,Gumball,ParParPlayz,Player,Xing er,Ajaya,0,200967,201083,203633,205183,205700,Gumball,ParParPlayz,Player,xing er,WORLAK AJ!,252050,10120,1721376000000,0,Rake
293,Crater Time,,,Cannibalism,GaryRecipe,Duke,MBM,KLTD1234,0,113300,113533,113650,113900,115783,bloons td6,GaryRecipe,Duke,MBM,nksucks,118867,42228,1721980800000,0,MoonLanding
294,Speeding through the Town Square,,,TSP,Gumball,Leohgyon,KLTD1234,Myszkaedzio,0,108650,109050,109083,111883,112416,tsp,Gumball,Leohgyon,nksucks,Myszkaedzio,121600,22991,1722585600000,0,TownCenter
295,The Olympics!,,,Gumball,Cannibalism,LegendaryTomato,salo,SayGoodbye,0,153750,153967,155416,158900,162616,el cocinero,baseballhitter,imagine cheats,salo,dawid t1,170267,23634,1723190400000,0,KartsNDarts
296,Mermonkey Splashes In!,,,KLTD1234,Necromable,Leohgyon,salo,Dawid,0,101700,102967,103083,103216,103667,nksucks,Necromable,Leohgyon,salo,Dawid,106100,44175,1723795200000,0,LuminousCove
297,Carving out a run,,,Gumball,KLTD1234,Dawid,SayGoodbye,OatsFX,0,121233,122267,123767,124383,124500,Gumball,nksucks,Dawid,isab,OatsFX,127750,0,1724400000000,0,Carved
298,Admiral at the Market,,,Cannibalism,Necromable,GaryRecipe,Duke,LegendaryTomato,0,119233,120583,120733,120816,121016,Wazamonogatari,Necromable,GaryRecipe,Duke,AYAYA SUCKS,135533,0,1725004800000,0,Bazaar
299,Ceramic Flood ~By FuryBlade787,,,EarthyRock,Leohgyon,Myszkaedzio,Mikshake,Dawid,0,115483,115633,115833,116067,116333,OG_Gamer2012,Leohgyon,Dawid T1,Mikshake,Dawid T1,124716,7845,1725609600000,0,Cubism
300,A very fast Hedge,,,KLTD1234,Leohgyon,Cannibalism,Tobi,Affter,0,174900,175483,177333,182067,184533,nksucks,Leohgyon,tehspeleengpol,Tobi,Fiat Panda Buy,198467,14265,1726214400000,0,Hedge
301,Three Four Five,,,Leohgyon,1brt,KLTD1234,Gumball,Myszkaedzio,0,124616,125067,126133,126683,127267,Leohgyon,1brt,nksucks,Gumball,Femboyqt2006,132216,52945,1726819200000,0,OneTwoTree
302,Frozen Craters,,,Necromable,KLTD1234,Gumball,Dawid,Parparplayz,0,96616,97067,97100,97700,99183,Necromable,nksucks,Gumball,Dawid,Dawid T1,113100,0,1727424000000,0,MoonLanding
303,Fast Platforms,,,Leohgyon,TSP,KLTD1234,Gumball,Necromable,0,120567,121933,123516,126416,127967,Leohgyon,tsp,nksucks,Gumball,Necromable,142367,14659,1728028800000,0,Sanctuary
304,"Spikes, Caltrops and More!",,,Gumball,KLTD1234,Necromable,1brt,SayGoodbye,0,145816,146667,147467,148600,148950,Gumball,nksucks,Necromable,1brt,24:15 fortress,154967,0,1728633600000,0,EndOfTheRoad
305,Quincy's Mountain Run,,,Necromable,Leohgyon,KLTD1234,Cannibalism,ParParPlayz,0,94700,96167,96467,98867,98867,Necromable,Leohgyon,nksucks,FAST TRACK SGB,Dawid T1,113567,0,1729238400000,0,AlpineRun
306,Pierce Problems Vol 2,,,Gumball,Necromable,Cannibalism,Dawid,SayGoodbye,0,150767,151200,152433,152683,152733,Gumball,Necromable,HAZHOUWEEN,Mortar Micro 2,og_gamer2007,162150,28943,1729843200000,0,LuminousCove
307,Ancient Strategies,,,Gumball,salo,SayGoodbye,Dawid,ParParPlayz,0,112800,113750,114800,115633,116400,Gumball,salo,og_gamer2007,Dawid,Dawid T1,124083,9062,1730448000000,0,AncientPortal
308,Some Extra Spice Please,,,KLTD1234,Gumball,Turtles,Necromable,trollification,0,106816,106967,107583,107700,108983,KLTD1234,Gumball,Turtles,Necromable,Fanum Tax,116516,3145,1731052800000,0,SpiceIslands
309,Decrypted,,,Leohgyon,Dawid,Gumball,trollification,EarthyRock,0,100150,100416,101450,101683,101700,WorstRaceEver,KLTD1234,Gumball,nkreallysucks,OG_Gamer2012,108200,8283,1731657600000,0,Encrypted
310,"Quiet, but Quick",,,KLTD1234,Gumball,Necromable,Dawid,GaTo314,0,130883,131667,132250,132500,133216,nksucks,Gumball,Necromable,Dawid,MR. SUE,136350,10767,1732262400000,0,QuietStreet
311,Super Monkey and Pals,,,SayGoodbye,trollification,Gumball,ParParPlayz,Dawid,0,169080,169500,171833,172050,172510,Phoenixpopper7,SuplierZWTF,Gumball,ParParPlayz-YT,Dawid,198600,0,1732867200000,0,Logs
312,Line Em Up,https://data.ninjakiwi.com/btd6/races/Line_Em_Up_m4c25eno/leaderboard,https://data.ninjakiwi.com/btd6/races/Line_Em_Up_m4c25eno/metadata,https://data.ninjakiwi.com/btd6/users/9fbf4582899ff8a64c40864d0c73e071c55119be9e45df3b,https://data.ninjakiwi.com/btd6/users/9fbb438b8a90f8a01e148d4d5e70e073cf554fbacf188c6e,https://data.ninjakiwi.com/btd6/users/9ced11d9df93faa44e40864e0d7bb776ce054fea9914d16e,https://data.ninjakiwi.com/btd6/users/9fbc44d8dd97fbf64c11871e0e27e7249d5215bb9914de31,https://data.ninjakiwi.com/btd6/users/9cee14de8ec5aba31e40881a0e71ee76cf514bbfca14d83c,0,125250,125500,126450,126517,128017,Near,SuplierZWTF,nksucks,Raider,Necromable,142467,41194,1733472000000,0,KartsNDarts
313,Monkeys and Machines,https://data.ninjakiwi.com/btd6/races/Monkeys_and_Machines_m4koonys/leaderboard,https://data.ninjakiwi.com/btd6/races/Monkeys_and_Machines_m4koonys/metadata,https://data.ninjakiwi.com/btd6/users/9fbf4582899ff8a64c40864d0c73e071c55119be9e45df3b,https://data.ninjakiwi.com/btd6/users/9cbb1ed88a90aba61e47db4c0c73b571ce0d1fb89b17dc3f,https://data.ninjakiwi.com/btd6/users/9ce917898bc4aaac10108b4b5626e77ec9564ebd96148e6c,https://data.ninjakiwi.com/btd6/users/9ced11d9df93faa44e40864e0d7bb776ce054fea9914d16e,https://data.ninjakiwi.com/btd6/users/9fbb438b8a90f8a01e148d4d5e70e073cf554fbacf188c6e,0,116283,116683,116717,116800,116850,Near,Gumball,Myszkaedzio,nksucks,SuplierZWTF,120867,41072,1734076800000,0,Tinkerton
314,Treet Yourself Extreme Edition,https://data.ninjakiwi.com/btd6/races/Treet_Yourself_Extreme_Edition_m4ukr9d4/leaderboard,https://data.ninjakiwi.com/btd6/races/Treet_Yourself_Extreme_Edition_m4ukr9d4/metadata,https://data.ninjakiwi.com/btd6/users/9ced11d9df93faa44e40864e0d7bb776ce054fea9914d16e,https://data.ninjakiwi.com/btd6/users/9fbf43d9d796aaac1c41de4e5e7be672cc511aeacc138a39,https://data.ninjakiwi.com/btd6/users/9fbb438b8a90f8a01e148d4d5e70e073cf554fbacf188c6e,https://data.ninjakiwi.com/btd6/users/9cee14de8ec5aba31e40881a0e71ee76cf514bbfca14d83c,https://data.ninjakiwi.com/btd6/users/9fb91e8bda97afa04b14dd180a76e7219e0d19b497108e6c,0,148350,150883,152283,153967,154383,nksucks,espresso :),SuplierZWTF,Necromable,J DOT BREEZY,179950,5900,1734681600000,0,OneTwoTree
315,Attack from the Yacht!,https://data.ninjakiwi.com/btd6/races/Attack_from_the_Yacht_m4unba5k/leaderboard,https://data.ninjakiwi.com/btd6/races/Attack_from_the_Yacht_m4unba5k/metadata,https://data.ninjakiwi.com/btd6/users/9ced11d9df93faa44e40864e0d7bb776ce054fea9914d16e,https://data.ninjakiwi.com/btd6/users/9fbc44d8dd97fbf64c11871e0e27e7249d5215bb9914de31,https://data.ninjakiwi.com/btd6/users/9ce9178c8c91fba34b47d94e0d26e576c9011dbe9a41da3b,https://data.ninjakiwi.com/btd6/users/9fbb438b8a90f8a01e148d4d5e70e073cf554fbacf188c6e,https://data.ninjakiwi.com/btd6/users/9fbf4582899ff8a64c40864d0c73e071c55119be9e45df3b,0,131300,132417,132717,132967,133433,nksucks,Dawid,ParParPlayz-YT,SuplierZWTF,Near,141733,23836,1735200000000,0,ProtectTheYacht
316,A Magical New Year,https://data.ninjakiwi.com/btd6/races/A_Magical_New_Year_m4und90r/leaderboard,https://data.ninjakiwi.com/btd6/races/A_Magical_New_Year_m4und90r/metadata,https://data.ninjakiwi.com/btd6/users/9cb8438cd89fafa21a468c4c0d72ee23cc504fb9cf11de69,https://data.ninjakiwi.com/btd6/users/9fb91e8bda97afa04b14dd180a76e7219e0d19b497108e6c,https://data.ninjakiwi.com/btd6/users/9ceb1182899ffda110108f4c0a22e770980514ed9e428c3d,https://data.ninjakiwi.com/btd6/users/9ce9178c8c91fba34b47d94e0d26e576c9011dbe9a41da3b,https://data.ninjakiwi.com/btd6/users/9cee14de8ec5aba31e40881a0e71ee76cf514bbfca14d83c,0,126283,128100,128217,129417,129533,Oh you,give him,hawk zhoua,Lawrence,Necromable,149233,32275,1735891200000,0,TownCenter
317,Corvus Carry,https://data.ninjakiwi.com/btd6/races/Corvus_Carry_m5kieee9/leaderboard,https://data.ninjakiwi.com/btd6/races/Corvus_Carry_m5kieee9/metadata,https://data.ninjakiwi.com/btd6/users/9cbb1ed88a90aba61e47db4c0c73b571ce0d1fb89b17dc3f,https://data.ninjakiwi.com/btd6/users/9fbf43d9d796aaac1c41de4e5e7be672cc511aeacc138a39,https://data.ninjakiwi.com/btd6/users/9ced11d9df93faa44e40864e0d7bb776ce054fea9914d16e,https://data.ninjakiwi.com/btd6/users/9ced1583db93a8f74e11db4b097bb27ecb0018e998438e6d,https://data.ninjakiwi.com/btd6/users/9ced11dfdb92fea41b4ad94e5675e474cd014fb4cc138a3b,0,101100,102867,111883,117300,120667,Gumball,hawk lota,nksucks,chocbox,Kirtap,140200,23817,1736496000000,0,Carved
318,Explosive Chaos,https://data.ninjakiwi.com/btd6/races/Explosive_Chaos_m5zqcej5/leaderboard,https://data.ninjakiwi.com/btd6/races/Explosive_Chaos_m5zqcej5/metadata,https://data.ninjakiwi.com/btd6/users/9ceb1182899ffda110108f4c0a22e770980514ed9e428c3d,https://data.ninjakiwi.com/btd6/users/9ced11d9df93faa44e40864e0d7bb776ce054fea9914d16e,https://data.ninjakiwi.com/btd6/users/9fba4582da95acf11114dc495b7ae67e98014eed9e148a6e,https://data.ninjakiwi.com/btd6/users/9fbf43d9d796aaac1c41de4e5e7be672cc511aeacc138a39,https://data.ninjakiwi.com/btd6/users/9fbf108389c2f0f11b44d94c5d74e771c5001eef9a42dc6e,1,127350,127550,128067,128450,128600,hawk zhoua,nksucks,Trollification,lychworstboss,Leohgyon,137350,48183,1737100800000,0,MonkeyMeadow
319,Fast Fossils,https://data.ninjakiwi.com/btd6/races/Fast_Fossils_m69mm1vp/leaderboard,https://data.ninjakiwi.com/btd6/races/Fast_Fossils_m69mm1vp/metadata,https://data.ninjakiwi.com/btd6/users/9cee14de8ec5aba31e40881a0e71ee76cf514bbfca14d83c,https://data.ninjakiwi.com/btd6/users/9ce9178c8c91fba34b47d94e0d26e576c9011dbe9a41da3b,https://data.ninjakiwi.com/btd6/users/9fbc44d8dd97fbf64c11871e0e27e7249d5215bb9914de31,https://data.ninjakiwi.com/btd6/users/9ced11d9df93faa44e40864e0d7bb776ce054fea9914d16e,https://data.ninjakiwi.com/btd6/users/9fb945dedcc4aaad4e11dd185b77e67fc90d1fe99a19df3a,0,101483,101533,101867,102150,102383,Necromable,ParParPlayz-YT,Dawid,nksucks,Duke,110133,39852,1737705600000,0,Quarry
320,"Sunk in, one at a time",https://data.ninjakiwi.com/btd6/races/Sunk_in_one_at_a_time_m6j30kfp/leaderboard,https://data.ninjakiwi.com/btd6/races/Sunk_in_one_at_a_time_m6j30kfp/metadata,https://data.ninjakiwi.com/btd6/users/9fbf108389c2f0f11b44d94c5d74e771c5001eef9a42dc6e,https://data.ninjakiwi.com/btd6/users/9fbf4582899ff8a64c40864d0c73e071c55119be9e45df3b,https://data.ninjakiwi.com/btd6/users/9ced11d9df93faa44e40864e0d7bb776ce054fea9914d16e,https://data.ninjakiwi.com/btd6/users/9ce917898bc4aaac10108b4b5626e77ec9564ebd96148e6c,https://data.ninjakiwi.com/btd6/users/9ced108c8e93faa54b46da4d5626b723cd004eeacd10de3d,0,96017,96633,96633,96700,100817,Leohgyon,blue,nksucks,Myszkaedzio,tsp,109667,29538,1738310400000,0,SunkenColumns
321,Rush Hour at the Park,https://data.ninjakiwi.com/btd6/races/Rush_Hour_at_the_Park_m6szj540/leaderboard,https://data.ninjakiwi.com/btd6/races/Rush_Hour_at_the_Park_m6szj540/metadata,https://data.ninjakiwi.com/btd6/users/9ced11d9df93faa44e40864e0d7bb776ce054fea9914d16e,https://data.ninjakiwi.com/btd6/users/9fbb468addc5f1f71c1088485f7bb724ca0214b99d138e69,https://data.ninjakiwi.com/btd6/users/9ce917898bc4aaac10108b4b5626e77ec9564ebd96148e6c,https://data.ninjakiwi.com/btd6/users/9fbf108389c2f0f11b44d94c5d74e771c5001eef9a42dc6e,https://data.ninjakiwi.com/btd6/users/9fbf43d9d796aaac1c41de4e5e7be672cc511aeacc138a39,0,129567,129767,129900,130833,131383,nksucks,GaryRecipe,Myszkaedzio,Leohgyon,el_gatino,136133,42412,1738915200000,0,ParkPath
322,For want of a Glade,https://data.ninjakiwi.com/btd6/races/For_want_of_a_Glade_m72dx6gi/leaderboard,https://data.ninjakiwi.com/btd6/races/For_want_of_a_Glade_m72dx6gi/metadata,https://data.ninjakiwi.com/btd6/users/9ced11d9df93faa44e40864e0d7bb776ce054fea9914d16e,https://data.ninjakiwi.com/btd6/users/9ce917898bc4aaac10108b4b5626e77ec9564ebd96148e6c,https://data.ninjakiwi.com/btd6/users/9fbf4582899ff8a64c40864d0c73e071c55119be9e45df3b,https://data.ninjakiwi.com/btd6/users/9fbf43d9d796aaac1c41de4e5e7be672cc511aeacc138a39,https://data.ninjakiwi.com/btd6/users/9cb813d88d9ffaa44d45da435f76b576cc0d1dbb9816d139,0,132483,134367,134417,134783,137633,nksucks,Myszkaedzio,blue,el_gatino,Hyper,152583,23691,1739520000000,0,EnchantedGlade
323,"2 Lanes, 1 Tower for each",https://data.ninjakiwi.com/btd6/races/2_Lanes_1_Tower_for_each_m7ce345e/leaderboard,https://data.ninjakiwi.com/btd6/races/2_Lanes_1_Tower_for_each_m7ce345e/metadata,https://data.ninjakiwi.com/btd6/users/9ced11d9df93faa44e40864e0d7bb776ce054fea9914d16e,https://data.ninjakiwi.com/btd6/users/9fbf108389c2f0f11b44d94c5d74e771c5001eef9a42dc6e,https://data.ninjakiwi.com/btd6/users/9ce917898bc4aaac10108b4b5626e77ec9564ebd96148e6c,https://data.ninjakiwi.com/btd6/users/9fbc44d8dd97fbf64c11871e0e27e7249d5215bb9914de31,https://data.ninjakiwi.com/btd6/users/9fbf43d9d796aaac1c41de4e5e7be672cc511aeacc138a39,0,105917,105967,107067,107167,108200,nksucks,Leohgyon,Myszkaedzio,Dawid,el_gatino,116250,19364,1740124800000,0,WaterPark
324,The Lone Ice Monkey,https://data.ninjakiwi.com/btd6/races/The_Lone_Ice_Monkey_m7o0h27m/leaderboard,https://data.ninjakiwi.com/btd6/races/The_Lone_Ice_Monkey_m7o0h27m/metadata,https://data.ninjakiwi.com/btd6/users/9cbb1ed88a90aba61e47db4c0c73b571ce0d1fb89b17dc3f,https://data.ninjakiwi.com/btd6/users/9ced11d9df93faa44e40864e0d7bb776ce054fea9914d16e,https://data.ninjakiwi.com/btd6/users/9cee14da8c90f1a2194bd943587be371ce511ebbcd10dc39,https://data.ninjakiwi.com/btd6/users/9fbd118b8bc5aaa21a4b8c4a5672e375ca034eb5ca188c31,https://data.ninjakiwi.com/btd6/users/9fba4582da95acf11114dc495b7ae67e98014eed9e148a6e,1,142650,144533,145067,146283,146300,Gumball,nksucks,Hweioah,Hi. AJ,Trollification,160233,38927,1740729600000,0,WinterPark
325,The Long Haul,https://data.ninjakiwi.com/btd6/races/The_Long_Haul_m7wqrnmz/leaderboard,https://data.ninjakiwi.com/btd6/races/The_Long_Haul_m7wqrnmz/metadata,https://data.ninjakiwi.com/btd6/users/9fbc44d8dd97fbf64c11871e0e27e7249d5215bb9914de31,https://data.ninjakiwi.com/btd6/users/9fbf4582899ff8a64c40864d0c73e071c55119be9e45df3b,https://data.ninjakiwi.com/btd6/users/9fba17dfdb97acf14d4b864d0a7ae17299031bbc96198d3b,https://data.ninjakiwi.com/btd6/users/9fb81e838a97adad1f14dd190a73b524c9044eb99618db3b,https://data.ninjakiwi.com/btd6/users/9ced11d9df93faa44e40864e0d7bb776ce054fea9914d16e,1,115750,116483,118850,118950,119183,DawidT1,blue,Zora,j3nnyy,nksucks,143100,10875,1741334400000,0,SulfurSprings
326,Protect the Stump!,https://data.ninjakiwi.com/btd6/races/Protect_the_Stump_m87qnjy9/leaderboard,https://data.ninjakiwi.com/btd6/races/Protect_the_Stump_m87qnjy9/metadata,https://data.ninjakiwi.com/btd6/users/9fb81e838a97adad1f14dd190a73b524c9044eb99618db3b,https://data.ninjakiwi.com/btd6/users/9ced11d9df93faa44e40864e0d7bb776ce054fea9914d16e,https://data.ninjakiwi.com/btd6/users/9ce917898bc4aaac10108b4b5626e77ec9564ebd96148e6c,https://data.ninjakiwi.com/btd6/users/9fbf43d9d796aaac1c41de4e5e7be672cc511aeacc138a39,https://data.ninjakiwi.com/btd6/users/9cbb1ed88a90aba61e47db4c0c73b571ce0d1fb89b17dc3f,1,141217,141750,142533,143083,143517,j3nnyy,nksucks,Myszkaedzio,hello :),Gumball,163767,41011,1741939200000,0,TreeStump
327,Hey I'm portaling here,https://data.ninjakiwi.com/btd6/races/Hey_Im_portaling_here_m8hq1ex1/leaderboard,https://data.ninjakiwi.com/btd6/races/Hey_Im_portaling_here_m8hq1ex1/metadata,https://data.ninjakiwi.com/btd6/users/9fbc44d8dd97fbf64c11871e0e27e7249d5215bb9914de31,https://data.ninjakiwi.com/btd6/users/9fbf108389c2f0f11b44d94c5d74e771c5001eef9a42dc6e,https://data.ninjakiwi.com/btd6/users/9ce9178c8c91fba34b47d94e0d26e576c9011dbe9a41da3b,https://data.ninjakiwi.com/btd6/users/9ced11d9df93faa44e40864e0d7bb776ce054fea9914d16e,https://data.ninjakiwi.com/btd6/users/9ceb41da8c91fff41c46db495c26e770990c1eb8ca108d3b,0,135817,136717,136850,137183,137667,DawidT1,Leohgyon,ParParPlayz-YT,nksucks,OG_Gamer2012,150383,23764,1742544000000,0,AncientPortal
328,Churchill on the Track,https://data.ninjakiwi.com/btd6/races/Churchill_on_the_Track_m8qeblg5/leaderboard,https://data.ninjakiwi.com/btd6/races/Churchill_on_the_Track_m8qeblg5/metadata,https://data.ninjakiwi.com/btd6/users/9ced11d9df93faa44e40864e0d7bb776ce054fea9914d16e,https://data.ninjakiwi.com/btd6/users/9cbb1ed88a90aba61e47db4c0c73b571ce0d1fb89b17dc3f,https://data.ninjakiwi.com/btd6/users/9fbf108389c2f0f11b44d94c5d74e771c5001eef9a42dc6e,https://data.ninjakiwi.com/btd6/users/9fbf4582899ff8a64c40864d0c73e071c55119be9e45df3b,https://data.ninjakiwi.com/btd6/users/9ced108c8e93faa54b46da4d5626b723cd004eeacd10de3d,0,144050,145633,146117,146767,149150,nksucks,Gumball,Leohgyon,last,tsp,165400,27648,1743148800000,0,FourCircles
329,Speedy Logs,https://data.ninjakiwi.com/btd6/races/Speedy_Logs_m912pa1w/leaderboard,https://data.ninjakiwi.com/btd6/races/Speedy_Logs_m912pa1w/metadata,https://data.ninjakiwi.com/btd6/users/9fb81e838a97adad1f14dd190a73b524c9044eb99618db3b,https://data.ninjakiwi.com/btd6/users/9ced11d9df93faa44e40864e0d7bb776ce054fea9914d16e,https://data.ninjakiwi.com/btd6/users/9ce917898bc4aaac10108b4b5626e77ec9564ebd96148e6c,https://data.ninjakiwi.com/btd6/users/9fbf108389c2f0f11b44d94c5d74e771c5001eef9a42dc6e,https://data.ninjakiwi.com/btd6/users/9fbf43d9d796aaac1c41de4e5e7be672cc511aeacc138a39,0,114100,114150,114500,114767,115617,j3nnyy,nksucks,Myszkaedzio,Leohgyon,i am rubbish,121083,27103,1743753600000,0,Logs
330,No Eye For You,https://data.ninjakiwi.com/btd6/races/No_Eye_For_You_m99oguxv/leaderboard,https://data.ninjakiwi.com/btd6/races/No_Eye_For_You_m99oguxv/metadata,https://data.ninjakiwi.com/btd6/users/9fbc44d8dd97fbf64c11871e0e27e7249d5215bb9914de31,https://data.ninjakiwi.com/btd6/users/9fbf128f8cc5fcf61c14894f5a25e5259a521fbf9743d96e,https://data.ninjakiwi.com/btd6/users/9ced11d9df93faa44e40864e0d7bb776ce054fea9914d16e,https://data.ninjakiwi.com/btd6/users/9fbf46d9db94f0ac1b11dc4f5672e576ca5719be9619d16a,https://data.ninjakiwi.com/btd6/users/9ceb41da8c91fff41c46db495c26e770990c1eb8ca108d3b,1,119783,120267,120417,120600,120650,Dawid,OatsFX,nksucks,Player,OG_Gamer2012,123400,33284,1744358400000,0,Polyphemus
331,Trimming the Hedge,https://data.ninjakiwi.com/btd6/races/Trimming_the_Hedge_m9l3g3k0/leaderboard,https://data.ninjakiwi.com/btd6/races/Trimming_the_Hedge_m9l3g3k0/metadata,https://data.ninjakiwi.com/btd6/users/9cbb1ed88a90aba61e47db4c0c73b571ce0d1fb89b17dc3f,https://data.ninjakiwi.com/btd6/users/9fbf4582899ff8a64c40864d0c73e071c55119be9e45df3b,https://data.ninjakiwi.com/btd6/users/9ceb41da8c91fff41c46db495c26e770990c1eb8ca108d3b,https://data.ninjakiwi.com/btd6/users/9ce9468ad6c2ffad1c168e1f0e20e521cd0c1bedc813d03d,https://data.ninjakiwi.com/btd6/users/9fbc44d8dd97fbf64c11871e0e27e7249d5215bb9914de31,1,119767,120250,120483,120500,120733,Gumball,last,OG_Gamer2012,Pringleman :),TheChinese,124183,40438,1744963200000,0,Hedge
332,Alpine Skedaddle,https://data.ninjakiwi.com/btd6/races/Alpine_Skedaddle_m9totvop/leaderboard,https://data.ninjakiwi.com/btd6/races/Alpine_Skedaddle_m9totvop/metadata,https://data.ninjakiwi.com/btd6/users/9ce917898bc4aaac10108b4b5626e77ec9564ebd96148e6c,https://data.ninjakiwi.com/btd6/users/9fb8458d8a93acf1491186195621e274cc564eb49916d03a,https://data.ninjakiwi.com/btd6/users/9ceb41da8c91fff41c46db495c26e770990c1eb8ca108d3b,https://data.ninjakiwi.com/btd6/users/9fbf43d9d796aaac1c41de4e5e7be672cc511aeacc138a39,https://data.ninjakiwi.com/btd6/users/9fb81e8fdb94acf71a178b4d0b76e7719a561bba9e41d131,0,107617,107683,109183,109300,109550,Myszkaedzio,PryHyperDry,OG_Gamer2012,i am rubbish,ALCOHOLISM,131667,38127,1745568000000,0,AlpineRun
333,Cross Country,https://data.ninjakiwi.com/btd6/races/Cross_Country_ma3ozous/leaderboard,https://data.ninjakiwi.com/btd6/races/Cross_Country_ma3ozous/metadata,https://data.ninjakiwi.com/btd6/users/9fb8458d8a93acf1491186195621e274cc564eb49916d03a,https://data.ninjakiwi.com/btd6/users/9fbf4582899ff8a64c40864d0c73e071c55119be9e45df3b,https://data.ninjakiwi.com/btd6/users/9fbf43d9d796aaac1c41de4e5e7be672cc511aeacc138a39,https://data.ninjakiwi.com/btd6/users/9ced11dfdb92fea41b4ad94e5675e474cd014fb4cc138a3b,https://data.ninjakiwi.com/btd6/users/9ced11d9df93faa44e40864e0d7bb776ce054fea9914d16e,0,129083,130000,130433,131233,131517,PryHyperDry,warriorsin7,i am rubbish,I know,nksucks,141450,38153,1746172800000,0,Downstream
334,Sugar Rush,https://data.ninjakiwi.com/btd6/races/Sugar_Rush_maf5av1k/leaderboard,https://data.ninjakiwi.com/btd6/races/Sugar_Rush_maf5av1k/metadata,https://data.ninjakiwi.com/btd6/users/9fb8458d8a93acf1491186195621e274cc564eb49916d03a,https://data.ninjakiwi.com/btd6/users/9ced11d9df93faa44e40864e0d7bb776ce054fea9914d16e,https://data.ninjakiwi.com/btd6/users/9fbf43d9d796aaac1c41de4e5e7be672cc511aeacc138a39,https://data.ninjakiwi.com/btd6/users/9fbf4582899ff8a64c40864d0c73e071c55119be9e45df3b,https://data.ninjakiwi.com/btd6/users/9fbc44d8dd97fbf64c11871e0e27e7249d5215bb9914de31,0,106533,106750,107000,107067,107517,360kg,Nksucks,meg and dia,Mertex,Mertex,114400,49644,1746777600000,0,CandyFalls
335,You can say it gets pretty BAD,https://data.ninjakiwi.com/btd6/races/maqhx5vr/leaderboard,https://data.ninjakiwi.com/btd6/races/maqhx5vr/metadata,https://data.ninjakiwi.com/btd6/users/9fbc12ddd69ff1a41d448b4a0972e072cd554feacd12dc30,https://data.ninjakiwi.com/btd6/users/9ceb41da8c91fff41c46db495c26e770990c1eb8ca108d3b,https://data.ninjakiwi.com/btd6/users/9fbc44d8dd97fbf64c11871e0e27e7249d5215bb9914de31,https://data.ninjakiwi.com/btd6/users/9fb8458d8a93acf1491186195621e274cc564eb49916d03a,https://data.ninjakiwi.com/btd6/users/9fbf43d9d796aaac1c41de4e5e7be672cc511aeacc138a39,0,109850,110733,110783,110833,111100,Mertex,OG_Gamer2012,D,PryHyperDry,black sheep,137333,7183,1747382400000,0,MoonLanding
336,"Iced in, Locked in",https://data.ninjakiwi.com/btd6/races/Iced_in_Locked_in_maztzir3/leaderboard,https://data.ninjakiwi.com/btd6/races/Iced_in_Locked_in_maztzir3/metadata,https://data.ninjakiwi.com/btd6/users/9ced11d9df93faa44e40864e0d7bb776ce054fea9914d16e,https://data.ninjakiwi.com/btd6/users/9fbf108389c2f0f11b44d94c5d74e771c5001eef9a42dc6e,https://data.ninjakiwi.com/btd6/users/9fb8458d8a93acf1491186195621e274cc564eb49916d03a,https://data.ninjakiwi.com/btd6/users/9fbc44d8dd97fbf64c11871e0e27e7249d5215bb9914de31,https://data.ninjakiwi.com/btd6/users/9fbd11d98a94a8a64941dd495e27e675ce5614bd9745df6e,0,147133,148133,148217,149000,149533,Nksucks,Leohgyon,PryHyperDry,David,:D,166417,26510,1747965600000,0,KartsNDarts
337,Fast Resort,https://data.ninjakiwi.com/btd6/races/Fast_Resort_mb7cmqj3/leaderboard,https://data.ninjakiwi.com/btd6/races/Fast_Resort_mb7cmqj3/metadata,https://data.ninjakiwi.com/btd6/users/9fb8458d8a93acf1491186195621e274cc564eb49916d03a,https://data.ninjakiwi.com/btd6/users/9fbf4582899ff8a64c40864d0c73e071c55119be9e45df3b,https://data.ninjakiwi.com/btd6/users/9ceb41da8c91fff41c46db495c26e770990c1eb8ca108d3b,https://data.ninjakiwi.com/btd6/users/9ced11d9df93faa44e40864e0d7bb776ce054fea9914d16e,https://data.ninjakiwi.com/btd6/users/9ceb41de8a94f8a61c4b8f4a097be173c9071cea9c10db69,0,135683,138800,141717,141850,142133,kltd crashout,tsp mo,OG_Gamer2012,Nksucks,AJAYA,151517,11020,1748570400000,9,LastResort
338,"Two Stranded, Too Stranded?",https://data.ninjakiwi.com/btd6/races/Two_Stranded_Too_Stranded_mbh9mmiq/leaderboard,https://data.ninjakiwi.com/btd6/races/Two_Stranded_Too_Stranded_mbh9mmiq/metadata,https://data.ninjakiwi.com/btd6/users/9fb8458d8a93acf1491186195621e274cc564eb49916d03a,https://data.ninjakiwi.com/btd6/users/9fbc44d8dd97fbf64c11871e0e27e7249d5215bb9914de31,https://data.ninjakiwi.com/btd6/users/9fb81e838a97adad1f14dd190a73b524c9044eb99618db3b,https://data.ninjakiwi.com/btd6/users/9ced42dadd91a8a31d4b8b4c5625b770cd001bbdcd13d96c,https://data.ninjakiwi.com/btd6/users/9cb8438cd89fafa21a468c4c0d72ee23cc504fb9cf11de69,0,126150,126600,128083,129417,130267,999b solarmass,Mikshake 2,syyver,Mikshake,Mikshake T3,140833,32413,1749175200000,6,SpiceIslands
339,Line After Line,https://data.ninjakiwi.com/btd6/races/Line_After_Line_mbtm1se5/leaderboard,https://data.ninjakiwi.com/btd6/races/Line_After_Line_mbtm1se5/metadata,https://data.ninjakiwi.com/btd6/users/9fb8458d8a93acf1491186195621e274cc564eb49916d03a,https://data.ninjakiwi.com/btd6/users/9cb8438cd89fafa21a468c4c0d72ee23cc504fb9cf11de69,https://data.ninjakiwi.com/btd6/users/9fbd10dfdfc0aff319458c495b7ae726cb521ab49f108e30,https://data.ninjakiwi.com/btd6/users/9fb81e838a97adad1f14dd190a73b524c9044eb99618db3b,https://data.ninjakiwi.com/btd6/users/9fbc44d8dd97fbf64c11871e0e27e7249d5215bb9914de31,0,175433,184400,184617,188000,189917,Baumfall,Plant BROI,13587738523,syyver,Unempl*yment,283800,1689,1749780000000,13,#Ouch
340,Metal Works,https://data.ninjakiwi.com/btd6/races/Metal_Works_mc2gk5lh/leaderboard,https://data.ninjakiwi.com/btd6/races/Metal_Works_mc2gk5lh/metadata,https://data.ninjakiwi.com/btd6/users/9fbd10dfdfc0aff319458c495b7ae726cb521ab49f108e30,https://data.ninjakiwi.com/btd6/users/9fb8458d8a93acf1491186195621e274cc564eb49916d03a,https://data.ninjakiwi.com/btd6/users/9fbf4582899ff8a64c40864d0c73e071c55119be9e45df3b,https://data.ninjakiwi.com/btd6/users/9fb8148ed793aaa64b468f190c20e77fcc024bbd9d438d39,https://data.ninjakiwi.com/btd6/users/9fbd10d98dc7aff71d408d4c5b25e424c45748bd9d16d03c,0,159050,159933,161167,161567,161667,13587738523,Bryson Zhou,okcin6,banananananana,elaina zhou,182233,18007,1750384800000,3,Streambed
341,Need a hand pardner?,https://data.ninjakiwi.com/btd6/races/Need_a_hand_pardner_mcdyhaxp/leaderboard,https://data.ninjakiwi.com/btd6/races/Need_a_hand_pardner_mcdyhaxp/metadata,https://data.ninjakiwi.com/btd6/users/9fbf46d9db94f0ac1b11dc4f5672e576ca5719be9619d16a,https://data.ninjakiwi.com/btd6/users/9fb8458d8a93acf1491186195621e274cc564eb49916d03a,https://data.ninjakiwi.com/btd6/users/9fb943dd8ac7fda44a178e425c7be3719a5218bd9c11dc6e,https://data.ninjakiwi.com/btd6/users/9ceb41de8a94f8a61c4b8f4a097be173c9071cea9c10db69,https://data.ninjakiwi.com/btd6/users/9cb71e8a8996fbf11d13864a5621b273c80715bfcd138b69,1,120400,120783,121050,121167,121500,Player,troll vs china,StarX,AJAYA,isab,149750,18424,1750989600000,9,MonkeyMeadow
342,Time for some big Fireworks!,https://data.ninjakiwi.com/btd6/races/Time_for_some_big_Fireworks_mcloiz9u/leaderboard,https://data.ninjakiwi.com/btd6/races/Time_for_some_big_Fireworks_mcloiz9u/metadata,https://data.ninjakiwi.com/btd6/users/9fb8458d8a93acf1491186195621e274cc564eb49916d03a,https://data.ninjakiwi.com/btd6/users/9ced11d9df93faa44e40864e0d7bb776ce054fea9914d16e,https://data.ninjakiwi.com/btd6/users/9fbf108389c2f0f11b44d94c5d74e771c5001eef9a42dc6e,https://data.ninjakiwi.com/btd6/users/9fbc44d8dd97fbf64c11871e0e27e7249d5215bb9914de31,https://data.ninjakiwi.com/btd6/users/9ced108c8e93faa54b46da4d5626b723cd004eeacd10de3d,0,138267,140300,141450,143167,146417,who has 360kg,skcusillort,Leohgyon,Dawid,tsp,170167,6796,1751594400000,9,SpiceIslands
343,It's High Noon,https://data.ninjakiwi.com/btd6/races/Its_High_Noon_mcu8uhsh/leaderboard,https://data.ninjakiwi.com/btd6/races/Its_High_Noon_mcu8uhsh/metadata,https://data.ninjakiwi.com/btd6/users/9fb8458d8a93acf1491186195621e274cc564eb49916d03a,https://data.ninjakiwi.com/btd6/users/9cb8438cd89fafa21a468c4c0d72ee23cc504fb9cf11de69,https://data.ninjakiwi.com/btd6/users/9fbb12deda93f1f01d4a891f5e76e5719e0348e89742df69,https://data.ninjakiwi.com/btd6/users/9fbc44d8dd97fbf64c11871e0e27e7249d5215bb9914de31,https://data.ninjakiwi.com/btd6/users/9ceb41da8c91fff41c46db495c26e770990c1eb8ca108d3b,0,112783,113267,114550,114617,115233,67mangomustard,SIX SEVENN,ISAB,Dawid,OG_Gamer2012,153783,29929,1752199200000,7,SunsetGulch
344,Cosy Cove,https://data.ninjakiwi.com/btd6/races/md5qkdar/leaderboard,https://data.ninjakiwi.com/btd6/races/md5qkdar/metadata,https://data.ninjakiwi.com/btd6/users/9fb8458d8a93acf1491186195621e274cc564eb49916d03a,https://data.ninjakiwi.com/btd6/users/9ce917898bc4aaac10108b4b5626e77ec9564ebd96148e6c,https://data.ninjakiwi.com/btd6/users/9ced11d9df93faa44e40864e0d7bb776ce054fea9914d16e,https://data.ninjakiwi.com/btd6/users/9fbc44d8dd97fbf64c11871e0e27e7249d5215bb9914de31,https://data.ninjakiwi.com/btd6/users/9fbf43d9d796aaac1c41de4e5e7be672cc511aeacc138a39,0,135867,135950,136850,137133,137833,360+360=720kg,Myszkaedzio,skcusillort,Dawid,brain dmg :3,143483,40682,1752804000000,5,LuminousCove
345,Target Practice ,https://data.ninjakiwi.com/btd6/races/Target_Practice_mdcyd220/leaderboard,https://data.ninjakiwi.com/btd6/races/Target_Practice_mdcyd220/metadata,https://data.ninjakiwi.com/btd6/users/9ce917898bc4aaac10108b4b5626e77ec9564ebd96148e6c,https://data.ninjakiwi.com/btd6/users/9fbb12deda93f1f01d4a891f5e76e5719e0348e89742df69,https://data.ninjakiwi.com/btd6/users/9fbf108389c2f0f11b44d94c5d74e771c5001eef9a42dc6e,https://data.ninjakiwi.com/btd6/users/9ce9468ad6c2ffad1c168e1f0e20e521cd0c1bedc813d03d,https://data.ninjakiwi.com/btd6/users/9cbb1ed88a90aba61e47db4c0c73b571ce0d1fb89b17dc3f,0,125700,125850,125950,127150,127167,Myszkaedzio,ISAB,Leohgyon,Pringleman :),Gumball,132433,35577,1753408800000,10,FiringRange
346,Bizzare Bazaar,https://data.ninjakiwi.com/btd6/races/Bizzare_Bazaar_mdo9nbou/leaderboard,https://data.ninjakiwi.com/btd6/races/Bizzare_Bazaar_mdo9nbou/metadata,https://data.ninjakiwi.com/btd6/users/9fb943dd8ac7fda44a178e425c7be3719a5218bd9c11dc6e,https://data.ninjakiwi.com/btd6/users/9ceb41de8a94f8a61c4b8f4a097be173c9071cea9c10db69,https://data.ninjakiwi.com/btd6/users/9fbf108389c2f0f11b44d94c5d74e771c5001eef9a42dc6e,https://data.ninjakiwi.com/btd6/users/9ced11d9df93faa44e40864e0d7bb776ce054fea9914d16e,https://data.ninjakiwi.com/btd6/users/9fb91f8edf90fff31d138f430d74e024cd521cea9d13da31,0,103983,104633,104883,105167,105467,StarX,AJAYA,Leohgyon,skcusillort,DDDBEAR,115583,18052,1754013600000,8,Bazaar
347,Heatwave Season,https://data.ninjakiwi.com/btd6/races/Heatwave_Season_me1usy6f/leaderboard,https://data.ninjakiwi.com/btd6/races/Heatwave_Season_me1usy6f/metadata,https://data.ninjakiwi.com/btd6/users/9ced11d9df93faa44e40864e0d7bb776ce054fea9914d16e,https://data.ninjakiwi.com/btd6/users/9fbf108389c2f0f11b44d94c5d74e771c5001eef9a42dc6e,https://data.ninjakiwi.com/btd6/users/9ce9468ad6c2ffad1c168e1f0e20e521cd0c1bedc813d03d,https://data.ninjakiwi.com/btd6/users/9fbc44d8dd97fbf64c11871e0e27e7249d5215bb9914de31,https://data.ninjakiwi.com/btd6/users/9ceb41da8c91fff41c46db495c26e770990c1eb8ca108d3b,1,122933,123950,124300,126567,126850,skcusillort,Leohgyon,Pringleman :),Dawid,OG_Gamer2012,134300,31839,1754618400000,9,Cracked
348,The New Crew,https://data.ninjakiwi.com/btd6/races/The_New_Crew_meafz0ps/leaderboard,https://data.ninjakiwi.com/btd6/races/The_New_Crew_meafz0ps/metadata,https://data.ninjakiwi.com/btd6/users/9cb8438cd89fafa21a468c4c0d72ee23cc504fb9cf11de69,https://data.ninjakiwi.com/btd6/users/9ced11d9df93faa44e40864e0d7bb776ce054fea9914d16e,https://data.ninjakiwi.com/btd6/users/9ce9468ad6c2ffad1c168e1f0e20e521cd0c1bedc813d03d,https://data.ninjakiwi.com/btd6/users/9fba138b8a94ffa51b4a88190e22b273ca0c4eef9742d831,https://data.ninjakiwi.com/btd6/users/9fbc44d8dd97fbf64c11871e0e27e7249d5215bb9914de31,0,145617,146950,148083,158417,158833,mfw rng start,skcusillort,wiktor,ZZZhOU,Dawid,185183,10448,1755223200000,11,SpringSpring
349,A Trio of Trio's,https://data.ninjakiwi.com/btd6/races/meifel0r/leaderboard,https://data.ninjakiwi.com/btd6/races/meifel0r/metadata,https://data.ninjakiwi.com/btd6/users/9cea118a8b90acf31c4a8649097ae77fc9074ee99743d93e,https://data.ninjakiwi.com/btd6/users/9ceb41de8a94f8a61c4b8f4a097be173c9071cea9c10db69,https://data.ninjakiwi.com/btd6/users/9fb91f8edf90fff31d138f430d74e024cd521cea9d13da31,https://data.ninjakiwi.com/btd6/users/9cee14da8c90f1a2194bd943587be371ce511ebbcd10dc39,https://data.ninjakiwi.com/btd6/users/9fbf4582899ff8a64c40864d0c73e071c55119be9e45df3b,1,158150,158567,161983,162667,168867,xing er,AJAYA,DDDBEAR,hweioah,Near,200917,16368,1755828000000,7,TreeStump
350,Tactics and Spell Casting,https://data.ninjakiwi.com/btd6/races/Tactics_and_Spell_Casting_met8wipw/leaderboard,https://data.ninjakiwi.com/btd6/races/Tactics_and_Spell_Casting_met8wipw/metadata,https://data.ninjakiwi.com/btd6/users/9fbf43d9d796aaac1c41de4e5e7be672cc511aeacc138a39,https://data.ninjakiwi.com/btd6/users/9fbc44d8dd97fbf64c11871e0e27e7249d5215bb9914de31,https://data.ninjakiwi.com/btd6/users/9ce917898bc4aaac10108b4b5626e77ec9564ebd96148e6c,https://data.ninjakiwi.com/btd6/users/9ce9468ad6c2ffad1c168e1f0e20e521cd0c1bedc813d03d,https://data.ninjakiwi.com/btd6/users/9ced108c8e93faa54b46da4d5626b723cd004eeacd10de3d,0,116317,117217,117767,121350,123233,redemption,Dawid,Myszkaedzio,LawrLawr t1,tsp,134250,14109,1756432800000,5,LotusIsland
351,Quarry Squabble,https://data.ninjakiwi.com/btd6/races/Quarry_Squabble_mf3rycjg/leaderboard,https://data.ninjakiwi.com/btd6/races/Quarry_Squabble_mf3rycjg/metadata,https://data.ninjakiwi.com/btd6/users/9ced11d9df93faa44e40864e0d7bb776ce054fea9914d16e,https://data.ninjakiwi.com/btd6/users/9fbf4582899ff8a64c40864d0c73e071c55119be9e45df3b,https://data.ninjakiwi.com/btd6/users/9ce9468ad6c2ffad1c168e1f0e20e521cd0c1bedc813d03d,https://data.ninjakiwi.com/btd6/users/9cea138cdec4fca11d11de4b5a7be575cc501fba9c438b69,https://data.ninjakiwi.com/btd6/users/9ced108c8e93faa54b46da4d5626b723cd004eeacd10de3d,0,135617,135667,136383,139733,143667,skcusillort,Near,Lawrification,tweakin',tsp,164350,23068,1757034000000,10,Quarry
352,Silas enters the Fray,https://data.ninjakiwi.com/btd6/races/Silas_enters_the_Fray_mffvtxs8/leaderboard,https://data.ninjakiwi.com/btd6/races/Silas_enters_the_Fray_mffvtxs8/metadata,https://data.ninjakiwi.com/btd6/users/9ced11d9df93faa44e40864e0d7bb776ce054fea9914d16e,https://data.ninjakiwi.com/btd6/users/9fbf108389c2f0f11b44d94c5d74e771c5001eef9a42dc6e,https://data.ninjakiwi.com/btd6/users/9fbc44d8dd97fbf64c11871e0e27e7249d5215bb9914de31,https://data.ninjakiwi.com/btd6/users/9fba12ddd8c7f8a61b1187420921e17ec55015b99e16dd31,https://data.ninjakiwi.com/btd6/users/9fbe178edf93f9a11a11891f0a20e57e980c15b89b148d31,0,148767,148900,155333,155633,160083,skcusillort,Leohgyon,Dawid,0Python,lenndoli,193367,12196,1757642400000,11,LuminousCove
353,Tipping the Balance,https://data.ninjakiwi.com/btd6/races/Tipping_the_Balance_mfmhfrqx/leaderboard,https://data.ninjakiwi.com/btd6/races/Tipping_the_Balance_mfmhfrqx/metadata,https://data.ninjakiwi.com/btd6/users/9ced11d9df93faa44e40864e0d7bb776ce054fea9914d16e,https://data.ninjakiwi.com/btd6/users/9fbc44d8dd97fbf64c11871e0e27e7249d5215bb9914de31,https://data.ninjakiwi.com/btd6/users/9fbf108389c2f0f11b44d94c5d74e771c5001eef9a42dc6e,https://data.ninjakiwi.com/btd6/users/9fbf4582899ff8a64c40864d0c73e071c55119be9e45df3b,https://data.ninjakiwi.com/btd6/users/9ced108c8e93faa54b46da4d5626b723cd004eeacd10de3d,0,120467,120517,121383,121467,122517,skcusillort,Dawid,Leohgyon,Near,tsp,128150,27744,1758247200000,3,Balance
354,Scrap Racers,https://data.ninjakiwi.com/btd6/races/Scrap_Racers_mfwd3baa/leaderboard,https://data.ninjakiwi.com/btd6/races/Scrap_Racers_mfwd3baa/metadata,https://data.ninjakiwi.com/btd6/users/9ced11d9df93faa44e40864e0d7bb776ce054fea9914d16e,https://data.ninjakiwi.com/btd6/users/9fbf108389c2f0f11b44d94c5d74e771c5001eef9a42dc6e,https://data.ninjakiwi.com/btd6/users/9ceb41de8a94f8a61c4b8f4a097be173c9071cea9c10db69,https://data.ninjakiwi.com/btd6/users/9fbe42ded997aaf61c4bda180975e270ca524eb59b46df39,https://data.ninjakiwi.com/btd6/users/9fbf43d9d796aaac1c41de4e5e7be672cc511aeacc138a39,0,131183,132667,138733,141567,143417,skcusillort,Leohgyon,AJAYA,Chara,lenndoli fan,171733,17852,1758852000000,8,Scrapyard
355,Routine Road Check,https://data.ninjakiwi.com/btd6/races/Routine_Road_Check_mg7rlfki/leaderboard,https://data.ninjakiwi.com/btd6/races/Routine_Road_Check_mg7rlfki/metadata,https://data.ninjakiwi.com/btd6/users/9ced11d9df93faa44e40864e0d7bb776ce054fea9914d16e,https://data.ninjakiwi.com/btd6/users/9fbf108389c2f0f11b44d94c5d74e771c5001eef9a42dc6e,https://data.ninjakiwi.com/btd6/users/9cb813d88d9ffaa44d45da435f76b576cc0d1dbb9816d139,https://data.ninjakiwi.com/btd6/users/9ced108c8e93faa54b46da4d5626b723cd004eeacd10de3d,https://data.ninjakiwi.com/btd6/users/9fbc44d8dd97fbf64c11871e0e27e7249d5215bb9914de31,1,128867,129083,130767,131667,132083,skcusillort,Leohgyon,Hyper,tsp,Dawid,137583,28675,1759456800000,8,MiddleOfTheRoad
356,Strolling through the Park Path,https://data.ninjakiwi.com/btd6/races/Strolling_through_the_Park_Path_mgitjcfp/leaderboard,https://data.ninjakiwi.com/btd6/races/Strolling_through_the_Park_Path_mgitjcfp/metadata,https://data.ninjakiwi.com/btd6/users/9fbc44d8dd97fbf64c11871e0e27e7249d5215bb9914de31,https://data.ninjakiwi.com/btd6/users/9ceb41deda97fef04c41874b5b74e77f98514fbf9a13de30,https://data.ninjakiwi.com/btd6/users/9ced11d9df93faa44e40864e0d7bb776ce054fea9914d16e,https://data.ninjakiwi.com/btd6/users/9fbe178edf93f9a11a11891f0a20e57e980c15b89b148d31,https://data.ninjakiwi.com/btd6/users/9fbf128f8cc5fcf61c14894f5a25e5259a521fbf9743d96e,0,126167,127483,127533,128617,128817,Dawid,PowerDino1920,skcusillort,lenndoli,oatsfx,135317,31177,1760061600000,4,ParkPath
357,Saw off those Logs,https://data.ninjakiwi.com/btd6/races/Saw_off_those_Logs_mgtqg223/leaderboard,https://data.ninjakiwi.com/btd6/races/Saw_off_those_Logs_mgtqg223/metadata,https://data.ninjakiwi.com/btd6/users/9fbd15d98e94fda01c1487195776b375cb504fba9f15893d,https://data.ninjakiwi.com/btd6/users/9fbf4582899ff8a64c40864d0c73e071c55119be9e45df3b,https://data.ninjakiwi.com/btd6/users/9ced11d9df93faa44e40864e0d7bb776ce054fea9914d16e,https://data.ninjakiwi.com/btd6/users/9fbb12deda93f1f01d4a891f5e76e5719e0348e89742df69,https://data.ninjakiwi.com/btd6/users/9fbf108389c2f0f11b44d94c5d74e771c5001eef9a42dc6e,0,120850,121133,121250,121517,121817,Flandre,paradise,skcusillort,ISAB,Leohgyon,130800,25349,1760666400000,4,Logs
358,Lost in the Ice,https://data.ninjakiwi.com/btd6/races/Lost_in_the_Ice_mh45ammz/leaderboard,https://data.ninjakiwi.com/btd6/races/Lost_in_the_Ice_mh45ammz/metadata,https://data.ninjakiwi.com/btd6/users/9fbb12deda93f1f01d4a891f5e76e5719e0348e89742df69,https://data.ninjakiwi.com/btd6/users/9ceb41deda97fef04c41874b5b74e77f98514fbf9a13de30,https://data.ninjakiwi.com/btd6/users/9ced11d9df93faa44e40864e0d7bb776ce054fea9914d16e,https://data.ninjakiwi.com/btd6/users/9cea138cdec4fca11d11de4b5a7be575cc501fba9c438b69,https://data.ninjakiwi.com/btd6/users/9ced108c8e93faa54b46da4d5626b723cd004eeacd10de3d,0,104900,104917,105000,105000,112900,ISAB,PowerDino1920,skcusillort,tweakin',tsp,127433,12564,1761271200000,8,LostCrevasse
359,Spooky Season,https://data.ninjakiwi.com/btd6/races/Spooky_Season_mhbsk04j/leaderboard,https://data.ninjakiwi.com/btd6/races/Spooky_Season_mhbsk04j/metadata,https://data.ninjakiwi.com/btd6/users/9ced11d9df93faa44e40864e0d7bb776ce054fea9914d16e,https://data.ninjakiwi.com/btd6/users/9fbf4582899ff8a64c40864d0c73e071c55119be9e45df3b,https://data.ninjakiwi.com/btd6/users/9fbd15d98e94fda01c1487195776b375cb504fba9f15893d,https://data.ninjakiwi.com/btd6/users/9fbf43d9d796aaac1c41de4e5e7be672cc511aeacc138a39,https://data.ninjakiwi.com/btd6/users/9cb813d88d9ffaa44d45da435f76b576cc0d1dbb9816d139,0,140600,141450,141850,142300,142667,skcusillort,paradise,Mertex,lenndoli fan,Hyper,159000,13630,1761876000000,9,Encrypted
360,Testing the Waters,https://data.ninjakiwi.com/btd6/races/Testing_the_Waters_mhknzp1x/leaderboard,https://data.ninjakiwi.com/btd6/races/Testing_the_Waters_mhknzp1x/metadata,https://data.ninjakiwi.com/btd6/users/9fbd10d98dc7aff71d408d4c5b25e424c45748bd9d16d03c,https://data.ninjakiwi.com/btd6/users/9fbc44d8dd97fbf64c11871e0e27e7249d5215bb9914de31,https://data.ninjakiwi.com/btd6/users/9fbf43d9d796aaac1c41de4e5e7be672cc511aeacc138a39,https://data.ninjakiwi.com/btd6/users/9cb813d88d9ffaa44d45da435f76b576cc0d1dbb9816d139,https://data.ninjakiwi.com/btd6/users/9ceb41de8a94f8a61c4b8f4a097be173c9071cea9c10db69,1,154283,154567,157117,161467,162467,Hanekawa,Dawid,lenndoli fan,Hyper,AJAYA,198383,13904,1762480800000,7,WaterPark
361,Triple Run,https://data.ninjakiwi.com/btd6/races/Triple_Run_mhxsebcf/leaderboard,https://data.ninjakiwi.com/btd6/races/Triple_Run_mhxsebcf/metadata,https://data.ninjakiwi.com/btd6/users/9fbc12ddd69ff1a41d448b4a0972e072cd554feacd12dc30,https://data.ninjakiwi.com/btd6/users/9fbd10d98dc7aff71d408d4c5b25e424c45748bd9d16d03c,https://data.ninjakiwi.com/btd6/users/9fbf4582899ff8a64c40864d0c73e071c55119be9e45df3b,https://data.ninjakiwi.com/btd6/users/9fbf43d9d796aaac1c41de4e5e7be672cc511aeacc138a39,https://data.ninjakiwi.com/btd6/users/9ceb41de8a94f8a61c4b8f4a097be173c9071cea9c10db69,1,136500,137317,139733,145167,145333,hweioah,Hanekawa,paradise,lenndoli fan,AJAYA,192300,3882,1763085600000,7,ThreeMinesAround
362,Tinkerton-athon,https://data.ninjakiwi.com/btd6/races/Tinkerton-athon_mi3az3do/leaderboard,https://data.ninjakiwi.com/btd6/races/Tinkerton-athon_mi3az3do/metadata,https://data.ninjakiwi.com/btd6/users/9fbc44d8dd97fbf64c11871e0e27e7249d5215bb9914de31,https://data.ninjakiwi.com/btd6/users/9ced11d9df93faa44e40864e0d7bb776ce054fea9914d16e,https://data.ninjakiwi.com/btd6/users/9ce9468ad6c2ffad1c168e1f0e20e521cd0c1bedc813d03d,https://data.ninjakiwi.com/btd6/users/9fb843dd8d9eadf34b47dd1a0b21e77fcb551abacf168b69,https://data.ninjakiwi.com/btd6/users/9fbb12deda93f1f01d4a891f5e76e5719e0348e89742df69,0,132467,135067,138900,139717,140367,HasseAndersson,skcusillort,$,Notes,ISAB,154633,19956,1763690400000,12,Tinkerton
363,Frozen Deals,https://data.ninjakiwi.com/btd6/races/Frozen_Deals_mihodqob/leaderboard,https://data.ninjakiwi.com/btd6/races/Frozen_Deals_mihodqob/metadata,https://data.ninjakiwi.com/btd6/users/9ceb41deda97fef04c41874b5b74e77f98514fbf9a13de30,https://data.ninjakiwi.com/btd6/users/9ce9468ad6c2ffad1c168e1f0e20e521cd0c1bedc813d03d,https://data.ninjakiwi.com/btd6/users/9ced11d9df93faa44e40864e0d7bb776ce054fea9914d16e,https://data.ninjakiwi.com/btd6/users/9ce917898bc4aaac10108b4b5626e77ec9564ebd96148e6c,https://data.ninjakiwi.com/btd6/users/9fbc44d8dd97fbf64c11871e0e27e7249d5215bb9914de31,0,113850,114800,114850,115167,116117,PowerDino1920,$,skcusillort,Mel (she they),$,121433,25147,1764295200000,5,WinterPark
364,Shhhhhh,https://data.ninjakiwi.com/btd6/races/Shhhhhh_mirstcjs/leaderboard,https://data.ninjakiwi.com/btd6/races/Shhhhhh_mirstcjs/metadata,https://data.ninjakiwi.com/btd6/users/9ced11d9df93faa44e40864e0d7bb776ce054fea9914d16e,https://data.ninjakiwi.com/btd6/users/9ce917898bc4aaac10108b4b5626e77ec9564ebd96148e6c,https://data.ninjakiwi.com/btd6/users/9fbc44d8dd97fbf64c11871e0e27e7249d5215bb9914de31,https://data.ninjakiwi.com/btd6/users/9fbf43d9d796aaac1c41de4e5e7be672cc511aeacc138a39,https://data.ninjakiwi.com/btd6/users/9ce9468ad6c2ffad1c168e1f0e20e521cd0c1bedc813d03d,0,123783,124183,124250,125600,127717,skcusillort,Myszkaedzio,Laughing Disco,30,plzdonatedisco,134450,24399,1764900000000,8,QuietStreet
365,Quarry Quarrel,https://data.ninjakiwi.com/btd6/races/Quarry_Quarrel_miyygy98/leaderboard,https://data.ninjakiwi.com/btd6/races/Quarry_Quarrel_miyygy98/metadata,https://data.ninjakiwi.com/btd6/users/9ce9468ad6c2ffad1c168e1f0e20e521cd0c1bedc813d03d,https://data.ninjakiwi.com/btd6/users/9ced11d9df93faa44e40864e0d7bb776ce054fea9914d16e,https://data.ninjakiwi.com/btd6/users/9fbf108389c2f0f11b44d94c5d74e771c5001eef9a42dc6e,https://data.ninjakiwi.com/btd6/users/9ce917898bc4aaac10108b4b5626e77ec9564ebd96148e6c,https://data.ninjakiwi.com/btd6/users/9fbc44d8dd97fbf64c11871e0e27e7249d5215bb9914de31,0,116533,116733,117267,117350,117467,shatter smael,skcusillort,Leohgyon,Melanie,Exephur smael,122150,26600,1765504800000,10,Quarry
366,Off the Charts,https://data.ninjakiwi.com/btd6/races/Off_the_Charts_miyyjetg/leaderboard,https://data.ninjakiwi.com/btd6/races/Off_the_Charts_miyyjetg/metadata,https://data.ninjakiwi.com/btd6/users/9fbc44d8dd97fbf64c11871e0e27e7249d5215bb9914de31,https://data.ninjakiwi.com/btd6/users/9fba138b8a94ffa51b4a88190e22b273ca0c4eef9742d831,https://data.ninjakiwi.com/btd6/users/9fbe42ded997aaf61c4bda180975e270ca524eb59b46df39,https://data.ninjakiwi.com/btd6/users/9ce9468ad6c2ffad1c168e1f0e20e521cd0c1bedc813d03d,https://data.ninjakiwi.com/btd6/users/9ceb41da8c91fff41c46db495c26e770990c1eb8ca108d3b,1,130467,135100,135833,136833,136967,ZZZhOU,ZZZhOU,Chara,ZZZhOU,OG_Gamer2012,162233,8077,1766023200000,4,OffTheCoast
